"name","Albania","Algeria","American Samoa","Andorra","Angola","Antigua and Barbuda","Argentina","Armenia","Aruba","Australia","Austria","Azerbaijan","Bahamas, The","Bahrain","Bangladesh","Barbados","Belarus","Belgium","Belize","Benin","Bermuda","Bhutan","Bolivia","Bosnia and Herzegovina","Botswana","Brazil","Brunei Darussalam","Bulgaria","Burkina Faso","Burundi","Cambodia","Cameroon","Canada","Cape Verde","Cayman Islands","Central African Republic","Chad","Chile","China","Colombia","Comoros","Congo, Rep.","Costa Rica","Cote d'Ivoire","Croatia","Cuba","Cyprus","Czech Republic","Denmark","Djibouti","Dominica","Dominican Republic","Ecuador","Egypt, Arab Rep.","El Salvador","Equatorial Guinea","Estonia","Ethiopia","Faeroe Islands","Fiji","Finland","France","French Polynesia","Gabon","Gambia, The","Georgia","Germany","Ghana","Greece","Grenada","Guam","Guatemala","Guinea","Guinea-Bissau","Guyana","Haiti","Honduras","Hong Kong SAR, China","Hungary","Iceland","India","Indonesia","Iran, Islamic Rep. of","Iraq","Ireland","Israel","Italy","Jamaica","Japan","Jordan","Kazakhstan","Kenya","Kiribati","Korea, Rep. of","Kuwait","Kyrgyz Republic","Lao P.D.R.","Latvia","Lebanon","Lesotho","Liberia","Libya","Liechtenstein","Lithuania","Luxembourg","Macao SAR, China","Macedonia, FYR","Madagascar","Malawi","Malaysia","Maldives","Mali","Malta","Marshall Islands","Mauritania","Mauritius","Mexico","Micronesia, Fed. Sts.","Moldova","Monaco","Mongolia","Morocco","Mozambique","Myanmar","Namibia","Nepal","Netherlands, The","Netherlands Antilles","New Caledonia","New Zealand","Nicaragua","Niger","Nigeria","Northern Mariana Islands","Norway","Oman","Pakistan","Palau","Panama","Papua New Guinea","Paraguay","Peru","Philippines","Poland","Portugal","Puerto Rico","Qatar","Romania","Russian Federation","Rwanda","Samoa","San Marino","Sao Tome and Principe","Saudi Arabia","Senegal","Serbia","Seychelles","Sierra Leone","Singapore","Slovak Republic","Slovenia","Solomon Islands","South Africa","Spain","Sri Lanka","St. Kitts and Nevis","St. Lucia","St. Vincent and the Grenadines","Sudan","Suriname","Swaziland","Sweden","Switzerland","Syrian Arab Republic","Tajikistan","Tanzania","Thailand","Timor-Leste","Togo","Tonga","Trinidad and Tobago","Tunisia","Turkey","Turkmenistan","Uganda","Ukraine","United Arab Emirates","United Kingdom","United States","Uruguay","Uzbekistan","Vanuatu","Venezuela, R.B. de","Vietnam","Virgin Islands (U.S.)","West Bank and Gaza","Yemen, Rep. of","Zambia","Zimbabwe"
"Albania",0,0,,,,0,0,0,,0,0,0,,,0,0,0,0,0,0,,,0,0,0,0,,0,0,0,0,0,,0,,,,0,0,0,0,0,0,0,0,,0,3,0,0,0,0,0,0,0,,0,0,,0,0,0,,0,0,0,0,0,136,0,,0,0,0,0,0,0,0,0,0,0,0,0,,0,0,0,0,0,0,0,0,0,0,,0,0,0,0,0,0,0,,0,0,,4,0,0,0,0,0,0,,0,0,0,,0,,0,0,0,0,0,0,0,,,0,0,0,0,,0,0,0,,0,0,0,0,0,0,0,,,0,0,0,0,,0,0,0,0,0,0,,0,0,0,0,0,0,0,0,0,0,0,0,0,0,0,0,0,0,,0,0,0,0,0,,0,0,,0,0,0,,0,0,0,,,0,0,
"Algeria",0,0,,,,0,0,0,,0,0,0,,,0,0,0,0,0,0,,,0,0,0,0,,0,0,0,0,0,,0,,,,0,0,0,0,0,0,0,0,,0,0,0,0,0,0,0,0,0,,0,0,,0,0,0,,0,0,0,0,0,0,0,,0,0,0,0,0,0,0,0,0,0,0,0,,0,0,0,0,0,0,0,0,0,0,,0,0,0,0,0,0,0,,0,0,,0,0,0,0,0,0,0,,0,0,0,,0,,0,0,0,0,0,0,0,,,0,0,0,0,,0,0,0,,0,0,0,0,0,0,0,,,0,0,0,0,,0,0,0,0,0,0,,0,0,0,0,0,0,0,0,0,0,0,0,0,0,0,0,0,0,,0,0,0,0,0,,0,0,,0,0,0,,0,0,0,,,0,0,
"American Samoa",0,0,,,,0,0,0,,0,0,0,,,0,0,0,0,0,0,,,0,0,0,0,,0,0,0,0,0,,0,,,,0,1,0,0,0,0,0,0,,0,0,0,0,0,0,0,0,0,,0,0,,0,0,0,,0,0,0,0,0,0,0,,0,0,0,0,0,0,0,0,0,0,0,0,,0,0,0,0,0,0,0,0,0,0,,0,0,0,0,0,0,0,,0,0,,0,0,0,0,0,0,0,,0,0,0,,0,,0,0,0,0,0,0,0,,,0,0,0,0,,0,0,0,,0,0,0,0,2,0,0,,,0,0,0,15,,0,0,0,0,0,0,,0,0,0,0,0,0,0,0,0,0,0,0,0,0,0,0,0,0,,0,2,0,0,0,,0,0,,0,5,0,,0,0,0,,,0,0,
"Andorra",0,0,,,,0,0,0,,1,0,0,,,0,0,0,8,0,0,,,0,0,0,0,,0,0,0,0,0,,0,,,,0,0,0,0,0,0,0,0,,0,0,0,0,0,0,0,0,0,,0,0,,0,0,53,,0,0,0,2,0,0,0,,0,0,0,0,0,0,0,0,0,0,0,0,,0,0,0,0,0,0,0,0,0,0,,0,0,0,0,0,0,0,,0,0,,0,0,0,0,0,0,0,,0,0,0,,0,,0,1,0,0,0,0,1,,,0,0,0,0,,0,0,0,,0,0,0,0,1,0,14,,,0,0,0,0,,0,0,0,0,0,0,,0,0,0,0,255,0,0,0,0,0,0,0,0,1,0,0,0,0,,0,0,0,0,0,,0,0,,2,0,0,,0,0,0,,,0,0,
"Angola",0,0,,,,0,0,0,,0,0,0,,,0,0,0,0,0,0,,,0,0,0,0,,0,0,0,0,0,,7,,,,0,0,0,0,0,0,0,0,,0,0,0,0,0,0,0,0,0,,0,0,,0,0,0,,0,0,0,0,0,0,0,,0,0,0,0,0,0,0,0,0,0,0,0,,0,0,0,0,0,0,0,0,0,0,,0,0,0,0,0,0,0,,0,0,,0,0,0,0,0,0,0,,0,0,0,,0,,0,0,0,0,0,0,0,,,0,0,0,0,,0,0,0,,0,0,0,0,0,0,30,,,0,0,0,0,,0,0,0,0,0,0,,0,0,0,0,0,0,0,0,0,0,0,0,0,0,0,0,0,0,,0,0,0,0,0,,0,0,,0,0,0,,0,0,0,,,0,0,
"Antigua and Barbuda",0,0,,,,0,0,0,,0,0,0,,,0,0,0,0,0,0,,,0,0,0,0,,0,0,0,0,0,,0,,,,0,0,0,0,0,0,0,0,,0,0,0,0,1,3,0,0,0,,0,0,,0,0,1,,0,0,0,0,0,0,0,,0,0,0,2,0,0,0,0,0,0,0,0,,0,0,0,5,0,0,0,0,0,0,,0,0,0,0,0,0,0,,0,0,,0,0,0,0,0,0,0,,0,0,0,,0,,0,0,0,0,0,0,0,,,0,0,0,0,,0,0,0,,0,0,0,0,0,0,0,,,0,0,0,0,,0,0,0,0,0,0,,0,0,0,0,0,0,0,0,0,0,0,0,0,0,0,0,0,0,,0,0,0,0,0,,0,0,,1,3,0,,0,0,0,,,0,0,
"Argentina",0,0,,,,0,0,0,,0,0,0,,,0,0,0,0,0,0,,,244,1,0,83,,0,0,0,0,0,,0,,,,1,18,0,0,0,0,0,1,,0,0,0,0,0,0,0,0,0,,0,0,,0,0,57,,0,0,0,32,0,0,0,,0,0,0,0,0,0,0,0,0,0,0,0,,0,0,196,0,11,0,0,0,0,9,,0,0,0,15,0,0,0,,0,0,,0,0,0,0,0,0,0,,0,0,0,,0,,0,0,0,0,0,0,0,,,0,0,0,0,,0,0,0,,0,0,305,142,0,32,0,,,0,1,0,0,,0,0,0,0,0,0,,0,1,0,0,927,0,0,0,0,0,0,0,0,0,3,0,0,0,,0,0,0,0,0,,0,1,,0,0,29,,0,0,0,,,0,0,
"Armenia",0,0,,,,0,0,0,,0,0,155,,,0,0,0,0,0,0,,,0,0,0,0,,0,0,0,0,0,,0,,,,0,0,0,0,0,0,0,0,,0,0,0,0,0,0,0,0,0,,0,0,,0,0,0,,0,0,46,4,0,6,0,,0,0,0,0,0,0,0,0,0,0,0,10,,0,0,0,0,0,0,0,0,0,0,,0,0,0,21,0,0,0,,0,0,,0,0,0,0,0,0,0,,0,0,0,,0,,0,0,0,0,0,0,0,,,0,0,0,0,,0,0,0,,0,0,0,0,0,0,0,,,0,16,0,0,,0,0,0,0,0,0,,0,0,0,0,0,0,0,0,0,0,0,0,0,0,6,0,0,0,,0,0,0,0,1,,0,3,,0,0,0,,0,0,0,,,0,0,
"Aruba",0,0,,,,0,0,0,,0,0,0,,,0,0,0,0,0,0,,,0,0,0,0,,0,0,0,0,0,,0,,,,0,0,16,0,0,0,0,0,,0,0,0,0,0,9,0,0,0,,0,0,,0,0,0,,0,0,0,0,0,0,0,,0,0,0,0,0,0,0,0,0,0,0,0,,0,0,0,0,0,0,0,0,0,0,,0,0,0,0,0,0,0,,0,0,,0,0,0,0,0,0,0,,0,0,0,,0,,0,0,0,0,0,0,0,,,0,0,0,0,,0,0,0,,0,0,0,0,0,0,0,,,0,0,0,0,,0,0,0,0,0,0,,0,0,0,0,0,0,0,0,0,0,0,0,0,0,0,0,0,0,,0,0,0,0,0,,0,0,,0,2,0,,0,1,0,,,0,0,
"Australia",3,2,,,,0,11,2,,0,122,0,,,128,1,0,147,0,0,,,2,68,3,35,,6,0,0,36,0,,0,,,,0,2063,17,0,0,2,0,155,,23,52,42,0,0,0,5,132,33,,5,8,,45,27,237,,0,0,1,433,1,248,0,,2,0,0,0,0,1,47,138,0,1505,301,28,,53,14,232,2,118,37,0,72,1,97,,1,0,17,1244,0,1,0,,11,6,,58,0,0,133,1,0,25,,0,37,5,,2,,3,4,0,12,1,72,392,,,537,2,0,52,,17,4,75,,0,10,1,21,886,192,32,,,31,13,0,27,,0,8,1,0,4,1,,19,19,1,174,120,206,0,0,0,164,0,0,25,75,20,1,0,104,,0,22,1,2,9,,9,21,,1939,105,4,,3,1,706,,,1,4,
"Austria",2,1,,,,0,1,1,,22,0,0,,,11,0,0,46,0,0,,,0,279,0,12,,15,0,0,1,0,,0,,,,0,62,0,0,0,0,0,109,,0,176,5,0,0,0,0,38,0,,0,0,,0,5,71,,0,0,1,665,0,7,0,,0,0,0,0,0,0,0,216,0,77,5,14,,1,3,30,0,6,4,0,0,0,3,,0,0,1,20,0,0,0,,2,20,,20,0,0,0,0,0,0,,0,0,2,,1,,0,3,0,0,0,0,28,,,0,0,0,59,,3,0,10,,0,0,0,3,68,230,2,,,100,6,0,0,,0,0,0,3777,0,0,,82,41,0,3,21,0,0,0,0,3,0,0,10,79,5,0,0,9,,0,0,0,9,37,,0,5,,14,12,0,,0,0,11,,,0,0,
"Azerbaijan",0,0,,,,0,0,34,,0,0,0,,,0,0,0,0,0,0,,,0,0,0,0,,0,0,0,0,0,,0,,,,0,0,0,0,0,0,0,0,,0,0,0,0,0,0,0,0,0,,0,0,,0,0,0,,0,0,4,0,0,0,0,,0,0,0,0,0,0,0,0,0,0,0,0,,0,0,0,0,0,0,0,0,0,0,,0,0,0,0,0,0,0,,0,0,,0,0,0,0,0,0,0,,0,0,0,,0,,0,0,0,0,0,0,0,,,0,0,0,0,,0,0,0,,0,0,0,0,0,0,0,,,0,24,0,0,,0,0,0,0,0,0,,0,0,0,0,0,0,0,0,0,0,0,0,0,0,0,0,0,0,,0,0,0,0,0,,0,7,,0,0,0,,0,0,0,,,0,0,
"Bahamas, The",0,0,,,,0,0,0,,1,0,0,,,0,0,0,0,0,0,,,0,0,0,0,,0,0,0,0,0,,0,,,,0,0,0,0,0,0,0,0,,0,0,0,0,0,0,0,0,0,,0,0,,0,0,1,,0,0,0,1,0,0,0,,0,0,0,0,24,0,0,0,0,1,0,0,,0,0,0,6,0,0,0,0,0,0,,0,0,0,0,0,0,0,,0,0,,0,0,0,0,0,0,0,,0,0,0,,0,,0,0,0,0,0,0,0,,,0,0,0,1,,0,0,0,,0,0,0,0,1,0,0,,,0,0,0,0,,0,0,0,0,0,0,,0,0,0,0,0,0,0,0,0,0,0,0,0,1,0,0,0,0,,0,0,0,0,0,,0,0,,2,5,0,,0,0,0,,,0,0,
"Bahrain",0,3,,,,0,0,0,,0,0,0,,,0,0,0,0,0,0,,,0,0,0,0,,0,0,0,0,0,,0,,,,0,0,0,0,0,0,0,0,,0,0,0,0,0,0,0,78,0,,0,0,,0,0,0,,0,0,0,0,0,0,0,,0,0,0,0,0,0,0,0,0,607,0,25,,0,0,0,0,0,2,0,0,0,0,,0,0,0,3,0,0,0,,0,0,,0,0,0,0,0,0,0,,0,0,0,,0,,0,4,0,0,0,0,0,,,0,0,0,0,,0,2,119,,0,0,0,0,112,0,0,,,0,0,0,0,,0,8,0,0,0,0,,0,0,0,0,0,0,0,0,0,12,0,0,0,0,2,0,0,0,,0,0,0,2,0,,0,0,,0,0,0,,0,0,0,,,2,0,
"Bangladesh",0,0,,,,0,0,0,,0,0,0,,,0,0,0,0,0,0,,,0,0,0,0,,0,0,0,0,0,,0,,,,0,0,0,0,0,0,0,0,,0,0,0,0,0,0,0,0,0,,0,0,,0,0,0,,0,0,0,0,0,0,0,,0,0,0,0,0,0,0,0,0,1899,0,0,,0,0,0,0,0,0,0,0,0,0,,0,0,0,0,0,0,0,,0,0,,0,0,0,0,0,0,0,,0,0,0,,0,,0,0,0,0,0,0,0,,,0,0,0,0,,0,0,19,,0,0,0,0,0,0,0,,,0,0,0,0,,0,0,0,0,0,0,,0,0,0,0,0,0,0,0,0,0,0,0,0,0,0,0,0,0,,0,0,0,0,0,,0,0,,0,0,0,,0,0,0,,,0,0,
"Barbados",0,0,,,,0,0,0,,0,0,0,,,0,0,0,0,0,0,,,0,0,0,0,,0,0,0,0,0,,0,,,,0,0,0,0,0,0,0,0,,0,0,0,0,0,0,0,0,0,,0,0,,0,0,0,,0,0,0,0,0,0,1,,0,0,0,1,0,0,0,0,0,2,0,0,,0,0,0,1,0,0,0,0,0,0,,0,0,0,0,0,0,0,,0,0,,0,0,0,0,0,0,0,,0,0,0,,0,,0,0,0,0,0,0,0,,,0,0,0,0,,0,0,0,,0,0,0,0,0,0,0,,,0,0,0,0,,0,0,0,0,0,0,,0,0,0,0,0,0,0,3,3,0,0,0,0,0,0,0,0,0,,0,0,1,0,0,,0,0,,6,2,0,,0,0,0,,,0,0,
"Belarus",0,0,,,,0,0,5,,0,0,4,,,0,0,0,0,0,0,,,0,0,0,0,,0,0,0,0,0,,0,,,,0,0,0,0,0,0,0,0,,0,0,0,0,0,0,0,0,0,,0,0,,0,0,0,,0,0,1,9,0,0,0,,0,0,0,0,0,0,0,0,0,0,0,0,,0,0,0,0,0,0,0,0,0,0,,0,0,3,0,0,0,0,,10,0,,0,0,0,0,0,0,0,,0,0,0,,3,,0,0,0,0,0,0,0,,,0,0,0,0,,0,0,0,,0,0,0,0,0,578,0,,,0,330,0,0,,0,0,0,0,0,0,,0,0,0,0,0,0,0,0,0,0,0,0,0,0,0,0,0,0,,0,0,0,0,0,,0,95,,0,0,0,,0,0,0,,,0,0,
"Belgium",2,37,,,,0,1,2,,15,23,0,,,7,0,0,0,0,1,,,2,0,0,18,,5,0,0,2,3,,0,,,,0,106,9,0,0,1,1,0,,0,11,14,0,0,5,4,8,1,,3,1,,0,10,1598,,0,0,1,291,1,27,0,,4,1,0,0,4,1,1,40,0,102,16,5,,3,5,127,1,13,5,0,5,0,7,,0,0,5,57,0,0,0,,7,373,,0,0,0,1,0,1,0,,0,6,3,,1,,0,392,0,0,0,4,524,,,0,0,0,30,,6,0,27,,0,0,0,6,47,128,44,,,37,21,15,0,,0,0,7,0,0,0,,4,0,0,5,284,2,0,0,0,2,0,0,13,29,6,0,0,12,,4,0,0,36,22,,1,2,,41,20,0,,0,0,29,,,0,0,
"Belize",0,0,,,,0,0,0,,0,0,0,,,0,0,0,0,0,0,,,0,0,0,0,,0,0,0,0,0,,0,,,,0,5,0,0,0,0,0,0,,0,0,0,0,0,0,0,0,14,,0,0,,0,0,0,,0,0,0,0,0,0,0,,52,0,0,0,0,15,0,0,0,1,0,0,,0,0,0,1,0,0,0,0,0,0,,0,0,0,0,0,0,0,,0,0,,0,0,0,0,0,0,0,,0,0,5,,0,,0,0,0,0,0,0,0,,,0,0,0,1,,0,0,0,,0,0,0,0,0,0,0,,,0,0,0,0,,0,0,0,0,0,0,,0,0,0,0,0,0,0,0,0,0,0,0,0,0,0,0,0,0,,0,0,0,0,0,,0,0,,1,3,0,,0,0,0,,,0,0,
"Benin",0,0,,,,0,0,0,,0,0,0,,,0,0,0,0,0,0,,,0,0,0,0,,0,0,0,0,0,,0,,,,0,0,0,0,0,0,0,0,,0,0,0,0,0,0,0,0,0,,0,0,,0,0,17,,0,0,0,0,0,0,0,,0,0,0,0,0,0,0,0,0,0,0,0,,0,0,0,0,0,0,0,0,0,0,,0,0,0,0,0,0,0,,0,0,,0,0,0,0,0,0,0,,0,0,0,,0,,0,0,0,0,0,0,0,,,0,0,12,199,,0,0,0,,0,0,0,0,0,0,0,,,0,0,0,0,,0,0,0,0,0,0,,0,0,0,0,0,0,0,0,0,0,0,0,0,0,0,0,0,0,,21,0,0,0,0,,0,0,,0,0,0,,0,0,0,,,0,0,
"Bermuda",0,0,,,,0,0,0,,0,0,0,,,0,0,0,0,0,0,,,0,0,0,0,,0,0,0,0,0,,0,,,,0,0,0,0,0,0,0,0,,0,0,0,0,0,0,0,0,0,,0,0,,0,0,0,,0,0,0,0,0,0,0,,0,0,0,0,0,0,0,0,0,0,0,0,,0,0,0,0,0,0,0,0,0,0,,0,0,0,0,0,0,0,,0,0,,0,0,0,0,0,0,0,,0,0,0,,0,,0,0,0,0,0,0,0,,,0,0,0,0,,0,0,0,,0,0,0,0,0,0,3,,,0,0,0,0,,0,0,0,0,0,0,,0,0,0,0,0,0,0,0,0,0,0,0,0,0,0,0,0,0,,0,0,0,0,0,,0,0,,9,5,0,,0,0,0,,,0,0,
"Bhutan",0,0,,,,0,0,0,,0,0,0,,,0,0,0,0,0,0,,,0,0,0,0,,0,0,0,0,0,,0,,,,0,3,0,0,0,0,0,0,,0,0,0,0,0,0,0,0,0,,0,0,,0,0,0,,0,0,0,0,0,0,0,,0,0,0,0,0,0,0,0,0,79,0,0,,0,0,0,0,0,0,0,0,0,0,,0,0,0,0,0,0,0,,0,0,,0,0,0,0,0,0,0,,0,0,0,,0,,0,0,0,0,0,1,0,,,0,0,0,0,,0,0,0,,0,0,0,0,0,0,0,,,0,0,0,0,,0,0,0,0,0,0,,0,0,0,0,0,0,0,0,0,0,0,0,0,0,0,0,0,0,,0,0,0,0,0,,0,0,,0,0,0,,0,0,0,,,0,0,
"Bolivia",0,0,,,,0,27,0,,1,1,0,,,0,0,0,11,2,0,,,0,0,0,61,,0,0,0,0,0,,0,,,,0,3,3,0,0,1,0,0,,0,0,0,0,0,0,2,0,0,,0,0,,0,0,6,,0,0,0,7,0,0,0,,1,0,0,0,0,1,0,0,0,0,0,0,,0,0,1,0,6,0,0,0,0,1,,0,0,0,1,0,0,0,,0,0,,0,0,0,0,0,0,0,,0,0,22,,0,,0,0,0,0,0,0,0,,,0,0,0,0,,0,0,0,,0,0,4,23,0,1,0,,,0,0,0,0,,0,0,0,0,0,0,,0,0,0,0,18,0,0,0,0,0,0,0,1,3,0,0,0,0,,0,0,0,0,0,,0,0,,1,7,0,,0,0,0,,,0,0,
"Bosnia and Herzegovina",0,0,,,,0,0,0,,0,0,0,,,0,0,0,0,0,0,,,0,0,0,0,,0,0,0,0,0,,0,,,,0,0,0,0,0,0,0,17,,0,0,0,0,0,0,0,0,0,,0,0,,0,0,0,,0,0,0,0,0,0,0,,0,0,0,0,0,0,0,0,0,0,0,0,,0,0,0,0,0,0,0,0,0,0,,0,0,0,0,0,0,0,,0,0,,0,0,0,0,0,0,0,,0,0,0,,0,,0,0,0,0,0,0,0,,,0,0,0,0,,0,0,0,,0,0,0,0,0,0,0,,,0,0,0,0,,0,0,0,0,0,0,,0,0,0,0,0,0,0,0,0,0,0,0,0,0,0,0,0,0,,0,0,0,0,0,,0,0,,0,0,0,,0,0,0,,,0,0,
"Botswana",0,0,,,,0,0,0,,0,0,0,,,0,0,0,0,0,0,,,0,0,0,0,,0,0,0,0,0,,0,,,,0,0,0,0,0,0,0,0,,0,0,0,0,0,0,0,0,0,,0,0,,0,0,0,,0,0,0,0,0,0,0,,0,0,0,0,0,0,0,0,0,0,0,0,,0,0,0,0,0,0,0,0,0,0,,0,0,0,0,0,0,0,,0,0,,0,0,0,0,0,0,0,,0,0,0,,0,,0,0,0,0,0,0,0,,,0,0,0,0,,0,0,0,,0,0,0,0,0,0,0,,,0,0,0,0,,0,0,0,0,0,0,,0,0,0,0,0,0,0,0,0,0,0,0,0,0,0,0,0,0,,0,0,0,0,0,,0,0,,0,0,0,,0,0,0,,,0,0,
"Brazil",0,0,,,,0,17,0,,4,18,0,,,0,0,0,32,0,0,,,23,1,0,0,,0,0,0,0,0,,0,,,,0,46,6,0,0,1,0,1,,0,2,2,0,0,0,2,6,1,,0,0,,0,0,77,,0,0,0,64,0,5,0,,0,0,0,1,0,0,0,13,0,2,0,0,,0,2,53,0,175,0,0,0,0,7,,0,0,0,162,0,0,0,,0,0,,0,0,0,0,0,0,0,,0,0,2,,0,,0,0,0,0,0,0,14,,,0,0,0,0,,1,0,0,,1,0,29,19,0,18,330,,,5,2,0,0,,0,0,0,0,0,0,,1,1,0,0,320,0,0,0,0,0,0,0,2,15,4,1,0,0,,0,0,0,0,0,,0,1,,6,18,7,,0,0,0,,,0,0,
"Brunei Darussalam",0,0,,,,0,0,0,,5,0,0,,,6,0,0,0,0,0,,,0,0,0,0,,0,0,0,0,0,,0,,,,0,18,0,0,0,0,0,0,,0,0,0,0,0,0,0,0,0,,0,0,,0,0,0,,0,0,0,0,0,0,0,,0,0,0,0,0,0,0,0,0,28,24,0,,0,0,0,0,0,0,0,0,0,0,,0,0,0,0,0,0,0,,0,0,,0,0,0,81,0,0,0,,0,0,0,,0,,0,0,0,0,0,55,2,,,0,0,0,0,,0,0,2,,0,0,0,0,72,0,0,,,0,0,0,0,,0,0,0,0,0,0,,0,0,0,0,0,3,0,0,0,0,0,0,0,0,0,0,0,29,,0,0,0,0,0,,0,0,,6,0,0,,0,0,0,,,0,0,
"Bulgaria",0,0,,,,0,0,0,,0,0,0,,,0,0,0,0,0,0,,,0,0,0,0,,0,0,0,0,0,,0,,,,0,0,0,0,0,0,0,0,,0,0,0,0,0,0,0,0,0,,0,0,,0,0,0,,0,0,0,0,0,0,0,,0,0,0,0,0,0,0,0,0,0,0,0,,0,0,0,0,0,0,0,0,0,0,,0,0,0,0,0,0,0,,0,0,,0,0,0,0,0,0,0,,0,0,0,,0,,0,0,0,0,0,0,0,,,0,0,0,0,,0,0,0,,0,0,0,0,0,0,0,,,0,0,0,0,,0,0,0,0,0,0,,0,0,0,0,0,0,0,0,0,0,0,0,0,0,0,0,0,0,,0,0,0,0,17,,0,0,,0,0,0,,0,0,0,,,0,0,
"Burkina Faso",0,0,,,,0,0,0,,0,0,0,,,0,0,0,0,0,2,,,0,0,0,0,,0,0,0,0,0,,0,,,,0,0,0,0,0,0,98,0,,0,0,0,0,0,0,0,0,0,,0,0,,0,0,0,,0,0,0,0,2,0,0,,0,0,0,0,0,0,0,0,0,0,0,0,,0,0,0,0,0,0,0,0,0,0,,0,0,0,0,0,0,0,,0,0,,0,0,0,0,0,17,0,,0,0,0,,0,,0,0,0,0,0,0,0,,,0,0,3,0,,0,0,0,,0,0,0,0,0,0,0,,,0,0,0,0,,0,0,0,0,0,0,,0,0,0,0,0,0,0,0,0,0,0,0,0,0,0,0,0,0,,9,0,0,0,0,,0,0,,0,0,0,,0,0,0,,,0,0,
"Burundi",0,0,,,,0,0,0,,0,0,0,,,0,0,0,0,0,0,,,0,0,0,0,,0,0,0,0,0,,0,,,,0,0,0,0,0,0,0,0,,0,0,0,0,0,0,0,0,0,,0,0,,0,0,0,,0,0,0,0,0,0,0,,0,0,0,0,0,0,0,0,0,0,0,0,,0,0,0,0,0,0,0,0,0,0,,0,0,0,0,0,0,0,,0,0,,0,0,0,0,0,0,0,,0,0,0,,0,,0,0,0,0,0,0,0,,,0,0,0,0,,0,0,0,,0,0,0,0,0,0,0,,,0,0,7,0,,0,0,0,0,0,0,,0,0,0,0,0,0,0,0,0,0,0,0,0,0,0,0,0,0,,0,0,0,0,0,,0,0,,0,0,0,,0,0,0,,,0,0,
"Cambodia",0,0,,,,0,0,0,,5,0,0,,,0,0,0,0,0,0,,,0,0,0,0,,0,0,0,0,0,,0,,,,0,28,0,0,0,0,0,0,,0,0,0,0,0,0,0,0,0,,0,0,,0,0,12,,0,0,0,1,0,0,0,,0,0,0,0,0,0,0,0,0,1,1,0,,0,0,0,0,1,0,0,0,0,0,,0,0,0,0,0,0,0,,0,0,,0,0,0,1,0,0,0,,0,0,0,,0,,0,0,0,0,0,0,1,,,0,0,0,0,,0,0,0,,0,0,0,0,2,0,0,,,0,0,0,0,,0,0,0,0,0,0,,0,0,0,0,0,0,0,0,0,0,0,0,0,0,0,0,0,213,,0,0,0,0,0,,0,0,,1,1,0,,0,0,159,,,0,0,
"Cameroon",0,0,,,,0,0,0,,0,0,0,,,0,0,0,0,0,0,,,0,0,0,0,,0,0,0,0,0,,0,,,,0,0,0,0,0,0,0,0,,0,0,0,0,0,0,0,0,0,,0,0,,0,0,80,,0,0,0,0,0,0,0,,0,0,0,0,0,0,0,0,0,0,0,0,,0,0,0,0,0,0,0,0,0,0,,0,0,0,0,0,0,0,,0,0,,0,0,0,0,0,0,0,,0,0,0,,0,,0,0,0,0,0,0,0,,,0,0,0,328,,0,0,0,,0,0,0,0,0,0,0,,,0,0,0,0,,0,0,0,0,0,0,,0,0,0,0,0,0,0,0,0,0,0,0,0,0,0,0,0,0,,0,0,0,0,0,,0,0,,0,0,0,,0,0,0,,,0,0,
"Canada",12,63,,,,2,16,4,,207,135,4,,,220,27,3,537,4,1,,,9,55,1,57,,29,0,0,26,3,,0,,,,0,3615,96,0,0,18,1,93,,5,89,74,2,1,24,36,142,139,,13,22,,20,39,844,,0,0,2,647,6,149,9,,88,1,0,65,130,28,128,291,0,3422,61,97,,22,35,335,289,62,64,0,134,0,150,,5,0,21,1111,1,1,0,,23,21,,9,0,0,28,0,1,4,,0,18,107,,17,,1,100,0,4,0,37,535,,,12,18,0,244,,22,3,486,,5,0,15,63,1926,581,289,,,163,46,5,0,,0,19,8,0,1,2,,45,25,0,60,90,305,4,3,9,92,0,0,20,119,46,4,3,28,,4,0,23,27,6,,45,83,,1069,375,3,,0,3,616,,,3,2,
"Cape Verde",0,0,,,,0,0,0,,0,0,0,,,0,0,0,0,0,0,,,0,0,0,0,,0,0,0,0,0,,0,,,,0,0,0,0,0,0,0,0,,0,0,0,0,0,0,0,0,0,,0,0,,0,0,2,,0,0,0,0,0,0,0,,0,0,0,0,0,0,0,0,0,0,0,0,,0,0,0,0,0,0,0,0,0,0,,0,0,0,0,0,0,0,,0,0,,0,0,0,0,0,0,0,,0,0,0,,0,,0,0,0,0,0,0,0,,,0,0,0,1,,0,0,0,,0,0,0,0,0,0,2,,,0,0,0,0,,0,0,1,0,0,0,,0,0,0,0,0,0,0,0,0,0,0,0,0,0,0,0,0,0,,0,0,0,0,0,,0,0,,0,0,0,,0,0,0,,,0,0,
"Cayman Islands",0,0,,,,0,0,0,,1,0,0,,,0,0,0,0,0,0,,,0,0,0,0,,0,0,0,0,0,,0,,,,0,0,0,0,0,1,0,0,,0,0,0,0,0,0,0,0,0,,0,0,,0,0,0,,0,0,0,1,0,0,0,,0,0,0,0,0,5,0,0,0,0,0,0,,0,0,0,18,0,0,0,0,0,0,,0,0,0,0,0,0,0,,0,0,,0,0,0,0,0,0,0,,0,0,0,,0,,0,0,0,0,0,0,0,,,0,0,0,0,,0,0,0,,0,0,0,0,0,0,0,,,0,0,0,0,,0,0,0,0,0,0,,0,0,0,0,0,0,0,0,0,0,0,0,0,0,0,0,0,0,,0,0,0,0,0,,0,0,,6,8,0,,0,0,0,,,0,0,
"Central African Republic",0,0,,,,0,0,0,,0,0,0,,,0,0,0,0,0,0,,,0,0,0,0,,0,0,0,0,2,,0,,,,0,0,0,0,0,0,0,0,,0,0,0,0,0,0,0,0,0,,0,0,,0,0,28,,0,0,0,0,0,0,0,,0,0,0,0,0,0,0,0,0,0,0,0,,0,0,0,0,0,0,0,0,0,0,,0,0,0,0,0,0,0,,0,0,,0,0,0,0,0,0,0,,0,0,0,,0,,0,0,0,0,0,0,0,,,0,0,0,6,,0,0,0,,0,0,0,0,0,0,0,,,0,0,0,0,,0,0,1,0,0,0,,0,0,0,0,0,0,0,0,0,4,0,0,0,0,0,0,0,0,,0,0,0,0,0,,0,0,,0,0,0,,0,0,0,,,0,0,
"Chad",0,0,,,,0,0,0,,0,0,0,,,0,0,0,0,0,0,,,0,0,0,0,,0,0,0,0,11,,0,,,,0,0,0,0,0,0,0,0,,0,0,0,0,0,0,0,0,0,,0,0,,0,0,0,,0,0,0,0,0,0,0,,0,0,0,0,0,0,0,0,0,0,0,0,,0,0,0,0,0,0,0,0,0,0,,0,0,0,0,0,0,1,,0,0,,0,0,0,0,0,0,0,,0,0,0,,0,,0,0,0,0,0,0,0,,,0,0,6,478,,0,0,0,,0,0,0,0,0,0,0,,,0,0,0,0,,0,0,0,0,0,0,,0,0,0,0,0,0,0,0,0,83,0,0,0,0,0,0,0,0,,0,0,0,0,0,,0,0,,0,0,0,,0,0,0,,,0,0,
"Chile",0,0,,,,0,51,0,,16,5,0,,,0,0,0,33,0,0,,,22,0,0,31,,0,0,0,0,0,,0,,,,0,13,11,0,0,3,0,1,,0,1,1,0,0,1,26,0,1,,0,0,,0,1,48,,0,0,0,30,0,1,0,,1,0,0,0,0,1,0,3,0,3,0,0,,0,1,6,0,3,1,0,0,0,2,,0,0,0,4,0,0,0,,0,1,,0,0,0,0,0,0,0,,0,0,4,,0,,0,0,0,0,0,0,4,,,0,0,0,0,,2,0,0,,1,0,2,114,0,2,1,,,1,1,0,0,,0,0,0,0,0,0,,0,0,0,0,113,0,0,0,0,0,0,0,5,9,1,0,0,0,,0,1,0,0,0,,0,0,,4,17,1,,0,2,0,,,0,0,
"China",0,0,,,,0,0,0,,0,0,0,,,0,0,0,0,0,0,,,0,0,0,0,,0,0,0,0,0,,0,,,,0,0,0,0,0,0,0,0,,0,0,0,0,0,0,0,0,0,,0,0,,0,0,0,,0,0,0,0,0,0,0,,0,0,0,0,0,0,0,0,0,0,0,0,,0,0,0,0,0,0,0,0,0,0,,0,0,0,0,0,0,0,,0,0,,0,0,0,0,0,0,0,,0,0,0,,0,,0,0,0,0,0,0,0,,,0,0,0,0,,0,0,0,,0,0,0,0,0,0,0,,,0,0,0,0,,0,0,0,0,0,0,,0,0,0,0,0,0,0,0,0,0,0,0,0,0,0,0,0,0,,0,0,0,0,0,,0,0,,0,0,0,,0,0,0,,,0,0,
"Colombia",0,0,,,,0,2,0,,2,1,0,,,0,0,0,8,0,0,,,1,0,0,5,,0,0,0,0,0,,0,,,,0,7,0,0,0,3,0,0,,0,0,0,0,0,1,17,0,1,,0,0,,0,0,15,,0,0,0,6,0,0,0,,1,0,0,0,0,1,0,1,0,0,0,0,,0,1,2,0,1,1,0,0,0,0,,0,0,0,9,0,0,0,,0,0,,0,0,0,0,0,0,0,,0,0,3,,0,,0,0,0,0,0,0,1,,,0,0,0,0,,0,0,0,,2,0,0,6,0,1,0,,,0,0,0,0,,0,0,0,0,0,0,,0,0,0,0,39,0,0,0,0,0,0,0,0,3,0,0,0,0,,0,0,0,0,0,,0,0,,2,19,0,,0,8,0,,,0,0,
"Comoros",0,0,,,,0,0,0,,0,0,0,,,0,0,0,0,0,0,,,0,0,0,0,,0,0,0,0,0,,0,,,,0,0,0,0,0,0,0,0,,0,0,0,0,0,0,0,0,0,,0,0,,0,0,5,,0,0,0,0,0,0,0,,0,0,0,0,0,0,0,0,0,0,0,0,,0,0,0,0,0,0,0,0,0,0,,0,0,0,0,0,0,0,,0,0,,0,0,0,0,0,0,0,,0,0,0,,0,,0,0,0,0,0,0,0,,,0,0,0,0,,0,0,0,,0,0,0,0,0,0,0,,,0,0,0,0,,0,0,0,0,0,0,,0,0,0,0,0,0,0,0,0,0,0,0,0,0,0,0,0,0,,0,0,0,0,0,,0,0,,0,0,0,,0,0,0,,,0,0,
"Congo, Rep.",0,0,,,,0,0,0,,0,0,0,,,0,0,0,0,0,3,,,0,0,0,0,,0,0,0,0,1,,0,,,,0,0,0,0,0,0,0,0,,0,0,0,0,0,0,0,0,0,,0,0,,0,0,100,,0,0,0,1,0,0,0,,0,0,0,0,0,0,0,0,0,0,0,0,,0,0,0,0,0,0,0,0,0,0,,0,0,0,5,0,0,0,,0,0,,0,0,0,0,0,2,0,,0,0,0,,0,,0,0,0,0,0,0,0,,,0,0,0,0,,0,0,0,,0,0,0,0,0,0,1,,,0,0,0,0,,0,0,6,0,0,0,,0,0,0,0,0,0,0,0,0,0,0,0,0,0,0,0,0,0,,1,0,0,0,0,,0,0,,0,0,0,,0,0,0,,,0,0,
"Costa Rica",0,0,,,,0,0,0,,0,0,0,,,0,0,0,0,0,0,,,0,0,0,0,,0,0,0,0,0,,0,,,,0,0,0,0,0,0,0,0,,0,0,0,0,0,0,0,0,26,,0,0,,0,0,0,,0,0,0,0,0,0,0,,9,0,0,0,0,12,0,0,0,0,0,0,,0,0,0,0,0,0,0,0,0,0,,0,0,0,0,0,0,0,,0,0,,0,0,0,0,0,0,0,,0,0,0,,0,,0,0,0,0,0,0,0,,,0,267,0,0,,0,0,0,,18,0,0,0,0,0,0,,,0,0,0,0,,0,0,0,0,0,0,,0,0,0,0,0,0,0,0,0,0,0,0,0,0,0,0,0,0,,0,0,0,0,0,,0,0,,0,0,0,,0,0,0,,,0,0,
"Cote d'Ivoire",0,0,,,,0,0,0,,0,0,0,,,0,0,0,0,0,22,,,0,0,0,0,,0,33,0,0,0,,0,,,,0,0,0,0,0,0,0,0,,0,0,0,0,0,0,0,0,0,,0,0,,0,0,0,,0,0,0,0,6,0,0,,0,11,0,0,0,0,0,0,0,0,0,0,,0,0,0,0,0,0,0,0,0,0,,0,0,0,0,0,4,0,,0,0,,0,0,0,0,0,121,0,,0,0,0,,0,,0,0,0,0,0,0,0,,,0,0,14,163,,0,0,0,,0,0,0,0,0,0,0,,,0,0,0,0,,0,0,29,0,0,0,,0,0,0,0,0,0,0,0,0,0,0,0,0,0,0,0,0,0,,26,0,0,0,0,,0,0,,0,0,0,,0,0,0,,,0,0,
"Croatia",0,0,,,,0,0,0,,9,10,0,,,0,0,0,0,0,0,,,0,670,0,0,,0,0,0,0,0,,0,,,,0,0,0,0,0,0,0,0,,0,0,0,0,0,0,0,0,0,,0,0,,0,0,5,,0,0,0,31,0,0,0,,0,0,0,0,0,0,0,0,0,0,0,0,,0,0,2,0,0,0,0,0,0,0,,0,0,0,0,0,0,0,,0,0,,9,0,0,0,0,0,0,,0,0,0,,0,,0,0,0,0,0,0,0,,,0,0,0,0,,0,0,0,,0,0,0,0,0,0,0,,,0,0,0,0,,0,0,0,0,0,0,,0,55,0,0,0,0,0,0,0,0,0,0,1,5,0,0,0,0,,0,0,0,0,0,,0,0,,0,1,0,,0,0,0,,,0,0,
"Cuba",0,0,,,,0,0,0,,0,0,0,,,0,0,0,0,0,0,,,0,0,0,0,,0,0,0,0,0,,0,,,,0,1,0,0,0,0,0,0,,0,1,0,0,0,0,0,0,0,,0,0,,0,0,1,,0,0,0,1,0,0,0,,0,0,0,0,0,0,0,0,0,0,0,0,,0,0,0,0,0,0,0,0,0,0,,0,0,0,0,0,0,0,,0,0,,0,0,0,0,0,0,0,,0,0,1,,0,,0,0,0,0,0,0,0,,,0,0,0,0,,0,0,0,,0,0,0,0,0,0,0,,,0,1,0,0,,0,0,0,0,0,0,,0,0,0,0,34,0,0,0,0,0,0,0,0,0,0,0,0,0,,0,0,0,0,0,,0,0,,0,1,0,,0,0,0,,,0,0,
"Cyprus",0,0,,,,0,0,1,,26,2,0,,,3,0,0,5,0,0,,,0,0,0,0,,8,0,0,0,0,,0,,,,0,8,0,0,0,0,0,0,,0,2,1,0,0,0,0,12,0,,0,0,,0,1,7,,0,0,15,7,0,35,0,,0,0,0,0,0,0,0,2,0,14,1,1,,1,0,0,0,0,3,0,0,0,0,,0,0,0,29,0,0,0,,0,0,,0,0,0,0,0,0,0,,0,0,0,,2,,0,0,0,0,0,0,2,,,0,0,0,3,,1,0,1,,0,0,0,0,30,2,0,,,8,7,0,0,,0,0,0,0,0,0,,0,0,0,5,1,19,0,0,0,2,0,0,2,2,5,0,0,1,,0,0,0,0,0,,0,3,,50,4,0,,0,0,0,,,0,0,
"Czech Republic",0,0,,,,0,0,1,,2,41,0,,,0,0,0,17,0,0,,,0,2,0,0,,6,0,0,0,0,,0,,,,0,7,0,0,0,0,0,3,,0,0,1,0,0,0,0,0,0,,0,0,,0,1,33,,0,0,0,32,0,3,0,,0,0,0,0,0,0,0,31,0,1,0,0,,0,0,1,0,0,1,0,0,0,0,,0,0,0,2,0,0,0,,0,0,,0,0,0,0,0,0,0,,0,0,0,,2,,3,0,0,0,0,0,2,,,0,0,0,1,,0,0,0,,0,0,0,0,0,65,0,,,18,7,0,0,,0,0,0,0,0,0,,880,1,0,0,1,0,0,0,0,0,0,0,1,2,1,0,0,0,,0,0,0,0,0,,0,31,,2,3,0,,0,0,33,,,0,0,
"Denmark",0,2,,,,0,1,1,,18,9,0,,,4,0,0,25,0,0,,,1,42,0,8,,2,0,0,0,0,,0,,,,0,72,7,0,0,1,0,2,,0,3,0,0,0,0,1,6,0,,2,2,,0,11,52,,0,1,0,111,0,2,0,,1,0,0,0,0,1,0,14,6,47,4,15,,1,3,5,0,5,11,0,9,0,15,,0,0,5,210,0,0,0,,14,3,,3,0,0,1,0,0,0,,0,0,1,,1,,0,16,0,0,0,2,28,,,1,0,0,14,,65,0,52,,0,0,0,2,52,74,2,,,8,3,0,0,,0,0,0,9,0,0,,2,0,0,2,31,25,0,0,0,3,0,0,42,9,5,0,0,28,,0,0,0,4,10,,6,9,,24,15,0,,0,0,45,,,0,0,
"Djibouti",0,0,,,,0,0,0,,0,0,0,,,0,0,0,0,0,0,,,0,0,0,0,,0,0,0,0,0,,0,,,,0,0,0,0,0,0,0,0,,0,0,0,0,0,0,0,0,0,,0,6,,0,0,0,,0,0,0,0,0,0,0,,0,0,0,0,0,0,0,0,0,0,0,0,,0,0,0,0,0,0,0,0,0,0,,0,0,0,0,0,0,0,,0,0,,0,0,0,0,0,0,0,,0,0,0,,0,,0,0,0,0,0,0,0,,,0,0,0,0,,0,0,0,,0,0,0,0,0,0,0,,,0,0,0,0,,0,0,0,0,0,0,,0,0,0,0,0,0,0,0,0,0,0,0,0,0,0,0,0,0,,0,0,0,0,0,,0,0,,0,0,0,,0,0,0,,,1,0,
"Dominica",0,0,,,,0,0,0,,0,0,0,,,0,0,0,0,0,0,,,0,0,0,0,,0,0,0,0,0,,0,,,,0,0,0,0,0,0,0,0,,0,0,0,0,0,0,0,0,0,,0,0,,0,0,0,,0,0,0,0,0,0,0,,0,0,0,0,0,0,0,0,0,0,0,0,,0,0,0,0,0,0,0,0,0,0,,0,0,0,0,0,0,0,,0,0,,0,0,0,0,0,0,0,,0,0,0,,0,,0,0,0,0,0,0,0,,,0,0,0,0,,0,0,0,,0,0,0,0,0,0,0,,,0,0,0,0,,0,0,0,0,0,0,,0,0,0,0,0,0,0,0,0,0,0,0,0,0,0,0,0,0,,0,0,0,0,0,,0,0,,1,1,0,,0,0,0,,,0,0,
"Dominican Republic",0,0,,,,0,2,0,,1,8,0,,,0,0,0,17,0,0,,,1,0,0,4,,1,0,0,0,0,,0,,,,0,11,10,0,0,9,0,0,,0,0,0,0,0,0,2,0,1,,0,0,,0,0,34,,0,0,0,25,0,0,0,,2,0,0,0,179,2,0,0,0,1,0,0,,0,0,10,1,5,0,0,0,0,1,,0,0,0,11,0,0,0,,0,1,,0,0,0,0,0,0,0,,0,0,4,,0,,0,0,0,0,0,0,4,,,0,0,0,0,,0,0,0,,1,0,0,5,0,2,0,,,0,0,0,0,,0,0,0,0,0,0,,0,0,0,0,80,0,0,0,0,0,0,0,1,16,0,0,0,0,,0,0,0,0,0,,0,0,,1,18,1,,0,5,0,,,0,0,
"Ecuador",0,0,,,,0,4,0,,5,4,0,,,0,0,0,27,0,0,,,2,0,0,9,,0,0,0,0,0,,0,,,,0,16,239,0,0,5,0,0,,0,1,1,0,0,1,0,0,1,,0,0,,0,0,28,,0,0,0,20,0,0,0,,2,0,0,0,0,1,0,1,0,1,0,0,,0,1,5,0,2,0,0,0,0,1,,0,0,0,6,0,0,0,,0,1,,0,0,0,0,0,0,0,,0,0,4,,0,,0,0,0,0,0,0,5,,,0,0,0,0,,1,0,0,,1,0,0,29,0,1,1,,,1,1,0,0,,0,0,0,0,0,0,,0,0,0,0,75,0,0,0,0,0,0,0,1,14,0,0,0,0,,0,0,0,0,0,,0,0,,5,47,0,,0,3,0,,,0,0,
"Egypt, Arab Rep.",0,1,,,,0,0,0,,3,1,0,,,1,0,0,5,0,0,,,0,0,0,0,,0,0,0,0,0,,0,,,,0,4,0,0,0,0,0,0,,0,0,1,0,0,0,0,0,0,,0,0,,0,0,16,,0,0,0,8,0,2,0,,0,0,0,0,0,0,0,0,0,4,9,0,,0,0,2,0,1,31,0,0,0,0,,0,0,0,38,0,0,1,,0,0,,0,0,0,2,0,0,0,,0,0,0,,0,,0,2,0,0,0,0,3,,,0,0,0,5,,0,1,1,,0,0,0,0,4,1,0,,,0,1,0,0,,0,14,0,0,0,0,,0,0,0,0,2,0,0,0,0,14,0,0,1,2,0,0,0,0,,0,0,0,0,0,,0,0,,0,0,0,,0,0,0,,,0,0,
"El Salvador",0,0,,,,0,0,0,,0,0,0,,,0,0,0,0,0,0,,,0,0,0,1,,0,0,0,0,0,,0,,,,0,1,1,0,0,3,0,0,,0,0,0,0,0,0,0,0,0,,0,0,,0,0,2,,0,0,0,1,0,0,0,,22,0,0,0,0,24,0,0,0,0,0,0,,0,0,0,0,0,0,0,0,0,0,,0,0,0,0,0,0,0,,0,0,,0,0,0,0,0,0,0,,0,0,2,,0,,0,0,0,0,0,0,0,,,0,5,0,0,,0,0,0,,0,0,0,0,0,0,0,,,0,0,0,0,,0,0,0,0,0,0,,0,0,0,0,4,0,0,0,0,0,0,0,0,0,0,0,0,0,,0,0,0,0,0,,0,0,,0,7,0,,0,0,0,,,0,0,
"Equatorial Guinea",0,0,,,,0,0,0,,0,0,0,,,0,0,0,0,0,0,,,0,0,0,0,,0,0,0,0,1,,0,,,,0,0,0,0,0,0,0,0,,0,0,0,0,0,0,0,0,0,,0,0,,0,0,1,,0,0,0,0,0,0,0,,0,0,0,0,0,0,0,0,0,0,0,0,,0,0,0,0,0,0,0,0,0,0,,0,0,0,0,0,0,0,,0,0,,0,0,0,0,0,0,0,,0,0,0,,0,,0,0,0,0,0,0,0,,,0,0,0,10,,0,0,0,,0,0,0,0,0,0,0,,,0,0,0,0,,0,0,0,0,0,0,,0,0,0,0,6,0,0,0,0,0,0,0,0,0,0,0,0,0,,0,0,0,0,0,,0,0,,0,0,0,,0,0,0,,,0,0,
"Estonia",0,0,,,,0,0,0,,0,0,0,,,0,0,3,0,0,0,,,0,0,0,0,,0,0,0,0,0,,0,,,,0,0,0,0,0,0,0,0,,0,0,0,0,0,0,0,0,0,,0,0,,0,3,0,,0,0,0,0,0,0,0,,0,0,0,0,0,0,0,0,0,0,0,0,,0,0,0,0,0,0,0,0,0,0,,0,0,7,0,0,0,0,,4,0,,0,0,0,0,0,0,0,,0,0,0,,0,,0,0,0,0,0,0,0,,,0,0,0,0,,0,0,0,,0,0,0,0,0,0,0,,,0,72,0,0,,0,0,0,0,0,0,,0,0,0,0,0,0,0,0,0,0,0,0,0,0,0,0,0,0,,0,0,0,0,0,,0,15,,0,0,0,,0,0,0,,,0,0,
"Ethiopia",0,0,,,,0,0,0,,0,0,0,,,0,0,0,0,0,0,,,0,0,0,0,,0,0,0,0,0,,0,,,,0,0,0,0,0,0,0,0,,0,0,0,3,0,0,0,0,0,,0,0,,0,0,0,,0,0,0,0,0,0,0,,0,0,0,0,0,0,0,0,0,0,0,0,,0,0,0,0,0,0,0,1,0,0,,0,0,0,0,0,0,0,,0,0,,0,0,0,0,0,0,0,,0,0,0,,0,,0,0,0,0,0,0,0,,,0,0,0,0,,0,0,0,,0,0,0,0,0,0,0,,,0,0,0,0,,0,0,0,0,0,0,,0,0,0,0,0,0,0,0,0,20,0,0,0,0,0,0,0,0,,0,0,0,0,0,,0,0,,0,0,0,,0,0,0,,,0,0,
"Faeroe Islands",0,0,,,,0,0,0,,0,0,0,,,0,0,0,0,0,0,,,0,0,0,0,,0,0,0,0,0,,0,,,,0,0,0,0,0,0,0,0,,0,0,12,0,0,0,0,0,0,,0,0,,0,0,0,,0,0,0,0,0,0,0,,0,0,0,0,0,0,0,0,0,0,0,0,,0,0,0,0,0,0,0,0,0,0,,0,0,0,0,0,0,0,,0,0,,0,0,0,0,0,0,0,,0,0,0,,0,,0,0,0,0,0,0,0,,,0,0,0,0,,0,0,0,,0,0,0,0,0,0,0,,,0,0,0,0,,0,0,0,0,0,0,,0,0,0,0,0,0,0,0,0,0,0,0,0,0,0,0,0,0,,0,0,0,0,0,,0,0,,0,0,0,,0,0,0,,,0,0,
"Fiji",0,0,,,,0,0,0,,17,0,0,,,1,0,0,0,0,0,,,0,0,0,0,,0,0,0,0,0,,0,,,,0,0,0,0,0,0,0,0,,0,0,0,0,0,0,0,0,0,,0,0,,0,0,0,,0,0,0,0,0,0,0,,0,0,0,0,0,0,0,0,0,11,0,0,,0,0,0,0,0,0,0,0,0,0,,0,0,0,0,0,0,0,,0,0,,0,0,0,0,0,0,0,,0,0,0,,0,,0,0,0,0,0,0,0,,,2,0,0,0,,0,0,1,,0,0,0,0,0,0,0,,,0,0,0,1,,0,0,0,0,0,0,,0,0,0,0,0,0,0,0,0,0,0,0,0,0,0,0,0,0,,0,0,0,0,0,,0,0,,2,0,0,,0,0,0,,,0,0,
"Finland",0,1,,,,0,0,0,,11,3,0,,,4,0,0,8,0,0,,,0,5,0,2,,1,0,0,0,0,,0,,,,0,41,2,0,0,0,0,3,,0,1,3,0,0,0,0,2,0,,41,1,,0,0,17,,0,0,0,19,0,1,0,,0,0,0,0,0,0,0,7,0,22,1,4,,0,1,2,0,3,2,0,2,0,0,,0,0,5,7,0,0,0,,3,2,,0,0,0,0,0,0,0,,0,0,0,,0,,0,4,0,0,0,2,5,,,0,0,0,8,,6,0,2,,0,0,0,1,8,7,0,,,2,11,0,0,,0,0,0,0,0,0,,1,0,0,0,11,2,0,0,0,1,0,0,83,5,1,0,0,14,,0,0,0,2,1,,0,2,,7,5,0,,0,0,14,,,0,0,
"France",3,1566,,,,0,9,21,,47,77,1,,,11,0,0,3148,0,28,,,3,25,1,94,,27,1,0,80,54,,21,,,,0,595,53,10,5,3,31,67,,1,29,23,18,0,2,4,87,3,,2,4,,0,11,0,,6,2,1,558,1,24,0,,9,12,5,0,77,3,1,66,0,245,18,24,,5,12,440,1,55,7,0,6,0,26,,0,0,3,585,0,0,0,,4,336,,10,8,0,2,0,91,0,,1,63,14,,2,,2,1897,0,1,0,7,184,,,1,1,4,43,,12,0,69,,1,0,2,19,43,362,1269,,,94,27,4,0,,0,2,310,637,0,0,,18,25,0,4,2743,112,0,0,0,10,0,0,24,354,35,0,0,41,,61,1,0,982,68,,2,19,,276,58,1,,1,1,340,,,4,0,
"French Polynesia",0,0,,,,0,0,0,,0,0,0,,,0,0,0,0,0,0,,,0,0,0,0,,0,0,0,0,0,,0,,,,0,0,0,0,0,0,0,0,,0,0,0,0,0,0,0,0,0,,0,0,,0,0,235,,0,0,0,0,0,0,0,,0,0,0,0,0,0,0,0,0,0,0,0,,0,0,0,0,0,0,0,0,0,0,,0,0,0,0,0,0,0,,0,0,,0,0,0,0,0,0,0,,0,0,0,,0,,0,0,0,0,0,0,0,,,0,0,0,0,,0,0,0,,0,0,0,0,0,0,0,,,0,0,0,0,,0,0,0,0,0,0,,0,0,0,0,0,0,0,0,0,0,0,0,0,0,0,0,0,0,,0,0,0,0,0,,0,0,,0,0,0,,0,0,0,,,0,0,
"Gabon",0,0,,,,0,0,0,,0,0,0,,,0,0,0,12,0,21,,,0,0,0,0,,0,0,0,0,12,,0,,,,0,8,0,0,1,0,1,0,,0,0,0,0,0,0,0,0,0,,0,0,,0,0,135,,0,0,0,0,0,0,0,,0,0,0,0,0,0,0,0,0,0,0,0,,0,0,0,0,0,0,0,0,0,0,,0,0,0,0,0,0,0,,0,0,,0,0,0,0,0,16,0,,0,0,0,,0,,0,0,0,0,0,0,0,,,0,0,0,104,,0,0,0,,0,0,0,0,0,0,0,,,0,0,0,0,,0,0,33,0,0,0,,0,0,0,0,0,0,0,0,0,0,0,0,0,0,0,0,0,0,,14,0,0,0,0,,0,0,,0,1,0,,0,0,0,,,0,0,
"Gambia, The",0,0,,,,0,0,0,,0,0,0,,,0,0,0,0,0,0,,,0,0,0,0,,0,0,0,0,0,,0,,,,0,0,0,0,0,0,0,0,,0,0,0,0,0,0,0,0,0,,0,0,,0,0,0,,0,0,0,0,0,0,0,,0,4,2,0,0,0,0,0,0,0,0,0,,0,0,0,0,0,0,0,0,0,0,,0,0,0,0,0,0,0,,0,0,,0,0,0,0,0,3,0,,0,0,0,,0,,0,0,0,0,0,0,0,,,0,0,0,0,,0,0,0,,0,0,0,0,0,0,0,,,0,0,0,0,,0,0,152,0,0,0,,0,0,0,0,0,0,0,0,0,0,0,0,0,0,0,0,0,0,,0,0,0,0,0,,0,0,,0,0,0,,0,0,0,,,0,0,
"Georgia",0,0,,,,0,0,13,,0,0,7,,,0,0,0,0,0,0,,,0,0,0,0,,1,0,0,0,0,,0,,,,0,2,0,0,0,0,0,0,,0,0,0,0,0,0,0,0,0,,0,0,,0,0,0,,0,0,0,5,0,2,0,,0,0,0,0,0,0,0,0,0,1,0,0,,0,1,0,0,0,0,0,0,0,0,,0,0,0,0,0,0,0,,0,0,,0,0,0,0,0,0,0,,0,0,0,,0,,0,0,0,0,0,1,0,,,0,0,0,0,,0,0,2,,0,0,0,0,0,0,0,,,1,53,0,0,,0,0,0,0,0,0,,0,0,0,0,0,0,0,0,0,0,0,0,0,0,0,0,0,0,,0,0,0,0,1,,0,4,,1,2,0,,0,0,0,,,0,0,
"Germany",16,36,,,,0,6,22,,137,1561,34,,,41,0,9,821,0,3,,,5,417,0,124,,119,0,0,1,12,,1,,,,0,837,30,0,0,6,2,737,,1,190,109,0,0,25,14,64,2,,13,21,,0,56,1549,,0,5,23,0,9,823,0,,5,2,0,0,1,4,0,490,1,457,75,82,,13,20,819,4,119,117,3,40,2,49,,41,0,34,785,1,2,1,,54,466,,95,0,0,6,0,2,0,,0,2,26,,50,,52,240,1,1,1,32,839,,,3,2,1,334,,36,0,147,,1,0,2,31,195,1805,303,,,230,186,2,0,,0,2,13,0,0,4,,131,76,0,10,1272,120,0,0,0,39,0,0,68,306,85,10,0,153,,50,0,0,118,614,,7,246,,246,205,0,,0,1,446,,,6,0,
"Ghana",0,0,,,,0,0,0,,0,0,0,,,0,0,0,0,0,0,,,0,0,0,0,,0,0,0,0,0,,0,,,,0,0,0,0,0,0,0,0,,0,0,0,0,0,0,0,0,0,,0,0,,0,0,0,,0,0,0,0,0,0,0,,0,0,0,0,0,0,0,0,0,0,0,0,,0,0,0,0,0,0,0,0,0,0,,0,0,0,0,0,0,0,,0,0,,0,0,0,0,0,0,0,,0,0,0,,0,,0,0,0,0,0,0,0,,,0,0,0,0,,0,0,0,,0,0,0,0,0,0,0,,,0,0,0,0,,0,0,0,0,0,0,,0,0,0,0,0,0,0,0,0,0,0,0,0,0,0,0,0,0,,0,0,0,0,0,,0,0,,0,0,0,,0,0,0,,,0,0,
"Greece",599,1,,,,0,0,11,,19,14,0,,,22,0,0,20,0,0,,,0,1,0,4,,79,0,0,0,0,,0,,,,0,28,1,0,0,0,0,1,,19,5,6,0,0,1,0,25,0,,0,1,,0,3,17,,0,0,46,41,0,0,0,,0,0,0,0,0,0,0,1,0,33,2,4,,1,1,6,0,3,6,0,2,0,1,,0,0,0,45,0,0,0,,1,6,,1,0,0,0,0,0,0,,0,0,1,,18,,0,1,0,0,0,0,18,,,0,0,0,35,,3,0,66,,0,0,0,0,29,105,0,,,72,22,0,0,,0,0,0,0,0,0,,2,0,0,3,1,3,0,0,0,6,0,0,9,3,20,0,0,0,,0,0,0,1,1,,0,27,,22,7,0,,0,0,1,,,0,0,
"Grenada",0,0,,,,0,0,0,,0,0,0,,,0,0,0,0,0,0,,,0,0,0,0,,0,0,0,0,0,,0,,,,0,0,0,0,0,0,0,0,,0,0,0,0,0,0,0,0,0,,0,0,,0,0,0,,0,0,0,0,0,0,0,,0,0,0,0,0,0,0,0,0,0,0,0,,0,0,0,0,0,0,0,0,0,0,,0,0,0,0,0,0,0,,0,0,,0,0,0,0,0,0,0,,0,0,0,,0,,0,0,0,0,0,0,0,,,0,0,0,0,,0,0,0,,0,0,0,0,0,0,0,,,0,0,0,0,,0,0,0,0,0,0,,0,0,0,0,0,0,0,0,0,0,0,0,0,0,0,0,0,0,,0,0,0,0,0,,0,0,,0,0,0,,0,0,0,,,0,0,
"Guam",0,0,,,,0,0,0,,0,0,0,,,0,0,0,0,0,0,,,0,0,0,0,,0,0,0,0,0,,0,,,,0,11,0,0,0,0,0,0,,0,0,0,0,0,0,0,0,0,,0,0,,0,0,0,,0,0,0,0,0,0,0,,0,0,0,0,0,0,0,0,0,0,0,0,,0,0,0,0,6,0,0,0,0,4,,0,0,0,0,0,0,0,,0,0,,0,0,0,0,0,0,0,,0,0,0,,0,,0,0,0,0,0,0,0,,,0,0,0,0,,0,0,0,,0,0,0,0,74,0,0,,,0,0,0,0,,0,0,0,0,0,0,,0,0,0,0,0,0,0,0,0,0,0,0,0,0,0,0,0,0,,0,0,0,0,0,,0,0,,0,26,0,,0,0,0,,,0,0,
"Guatemala",0,0,,,,0,0,0,,1,0,0,,,0,0,0,0,1,0,,,0,0,0,0,,0,0,0,0,0,,0,,,,0,2,1,0,0,3,0,0,,0,0,0,0,0,0,0,0,24,,0,0,,0,0,2,,0,0,0,2,0,0,0,,0,0,0,0,0,13,0,0,0,0,0,0,,0,0,0,0,0,0,0,0,0,2,,0,0,0,0,0,0,0,,0,0,,0,0,0,0,0,0,0,,0,0,19,,0,,0,0,0,0,0,0,0,,,0,4,0,0,,0,0,0,,0,0,0,1,0,0,0,,,0,0,0,0,,0,0,0,0,0,0,,0,0,0,0,7,0,0,0,0,0,0,0,0,1,0,0,0,0,,0,0,0,0,0,,0,0,,0,8,0,,0,0,0,,,0,0,
"Guinea",0,0,,,,0,0,0,,0,0,0,,,0,0,0,5,0,1,,,0,0,0,1,,0,0,0,0,0,,0,,,,0,0,0,0,0,0,0,0,,0,0,0,0,0,0,0,0,0,,0,0,,0,0,15,,0,0,0,3,0,0,0,,0,0,0,0,0,0,0,0,0,0,0,0,,0,0,0,0,0,0,0,0,0,0,,0,0,0,8,0,8,0,,0,0,,0,0,0,0,0,4,0,,0,0,0,,0,,0,0,0,0,0,0,0,,,0,0,0,4,,0,0,0,,0,0,0,0,0,0,0,,,0,0,0,0,,0,1,6,0,0,9,,0,0,0,0,0,0,0,0,0,0,0,0,0,0,0,0,0,0,,1,0,0,0,0,,0,0,,0,1,0,,0,0,0,,,0,0,
"Guinea-Bissau",0,0,,,,0,0,0,,0,0,0,,,0,0,0,0,0,0,,,0,0,0,0,,0,0,0,0,0,,0,,,,0,0,0,0,0,0,0,0,,0,0,0,0,0,0,0,0,0,,0,0,,0,0,1,,0,0,0,0,0,0,0,,0,0,0,0,0,0,0,0,0,0,0,0,,0,0,0,0,0,0,0,0,0,0,,0,0,0,0,0,0,0,,0,0,,0,0,0,0,0,0,0,,0,0,0,,0,,0,0,0,0,0,0,0,,,0,0,0,0,,0,0,0,,0,0,0,0,0,0,1,,,0,0,0,0,,0,0,8,0,0,0,,0,0,0,0,0,0,0,0,0,0,0,0,0,0,0,0,0,0,,0,0,0,0,0,,0,0,,0,0,0,,0,0,0,,,0,0,
"Guyana",0,0,,,,0,0,0,,0,0,0,,,0,0,0,0,0,0,,,0,0,0,4,,0,0,0,0,0,,0,,,,0,3,0,0,0,0,0,0,,0,0,0,0,0,0,0,0,0,,0,0,,0,0,0,,0,0,0,0,0,0,0,,0,0,0,0,0,0,0,0,0,0,0,0,,0,0,0,0,0,0,0,0,0,0,,0,0,0,0,0,0,0,,0,0,,0,0,0,0,0,0,0,,0,0,0,,0,,0,0,0,0,0,0,0,,,0,0,0,0,,0,0,0,,0,0,0,0,0,0,0,,,0,0,0,0,,0,0,0,0,0,0,,0,0,0,0,0,0,0,0,0,0,0,0,0,0,0,0,0,0,,0,0,0,0,0,,0,0,,1,1,0,,0,0,0,,,0,0,
"Haiti",0,0,,,,0,0,0,,0,0,0,,,0,0,0,0,0,0,,,0,0,0,0,,0,0,0,0,0,,0,,,,0,0,0,0,0,0,0,0,,0,0,0,0,0,21,0,0,0,,0,0,,0,0,0,,0,0,0,0,0,0,0,,0,0,0,0,0,0,0,0,0,0,0,0,,0,0,0,1,0,0,0,0,0,0,,0,0,0,0,0,0,0,,0,0,,0,0,0,0,0,0,0,,0,0,0,,0,,0,0,0,0,0,0,0,,,0,0,0,0,,0,0,0,,0,0,0,0,0,0,0,,,0,0,0,0,,0,0,0,0,0,0,,0,0,0,0,0,0,0,0,0,0,0,0,0,0,0,0,0,0,,0,0,0,0,0,,0,0,,0,10,0,,0,0,0,,,0,0,
"Honduras",0,0,,,,0,0,0,,0,0,0,,,0,0,0,0,0,0,,,0,0,0,0,,0,0,0,0,0,,0,,,,0,1,1,0,0,2,0,0,,0,0,0,0,0,0,0,0,9,,0,0,,0,0,1,,0,0,0,1,0,0,0,,7,0,0,0,0,0,0,0,0,0,0,0,,0,0,0,0,0,0,0,0,0,0,,0,0,0,0,0,0,0,,0,0,,0,0,0,0,0,0,0,,0,0,1,,0,,0,0,0,0,0,0,0,,,0,2,0,0,,0,0,0,,0,0,0,0,0,0,0,,,0,0,0,0,,0,0,0,0,0,0,,0,0,0,0,2,0,0,0,0,0,0,0,0,0,0,0,0,0,,0,0,0,0,0,,0,0,,0,5,0,,0,0,0,,,0,0,
"Hong Kong SAR, China",0,0,,,,0,0,0,,0,0,0,,,0,0,0,0,0,0,,,0,0,0,0,,0,0,0,0,0,,0,,,,0,13486,0,0,0,0,0,0,,0,0,0,0,0,0,0,0,0,,0,0,,0,0,0,,0,0,0,0,0,0,0,,0,0,0,0,0,0,0,0,0,0,0,0,,0,0,0,0,0,0,0,0,0,0,,0,0,0,0,0,0,0,,0,0,,0,0,0,0,0,0,0,,0,0,0,,0,,0,0,0,0,0,0,0,,,0,0,0,0,,0,0,0,,0,0,0,0,0,0,0,,,0,0,0,0,,0,0,0,0,0,0,,0,0,0,0,0,0,0,0,0,0,0,0,0,0,0,0,0,0,,0,0,0,0,0,,0,0,,0,0,0,,0,0,0,,,0,0,
"Hungary",0,1,,,,0,0,0,,8,37,0,,,0,0,0,26,0,0,,,0,0,0,1,,2,0,0,0,0,,0,,,,0,24,0,0,0,0,0,2,,0,2,1,0,0,0,0,1,0,,0,0,,0,2,32,,0,0,0,86,0,3,0,,0,0,0,0,0,0,0,0,0,1,0,0,,0,1,3,0,1,1,0,0,0,0,,0,0,0,3,0,0,0,,0,2,,0,0,0,0,0,0,0,,0,0,0,,0,,2,0,0,0,0,0,8,,,0,0,0,2,,3,0,0,,0,0,0,0,0,9,0,,,263,0,0,0,,0,0,0,0,0,0,,9,0,0,0,4,0,0,0,0,1,0,0,3,9,1,0,0,0,,0,0,0,0,0,,0,4,,6,5,0,,0,0,3,,,0,0,
"Iceland",0,0,,,,0,0,0,,1,1,0,,,0,0,0,4,0,0,,,0,1,0,0,,0,0,0,0,0,,0,,,,0,3,0,0,0,0,0,0,,0,1,18,0,0,0,0,0,0,,0,0,,0,1,6,,0,0,0,8,0,0,0,,0,0,0,0,0,0,0,1,0,3,1,0,,0,0,0,0,0,0,0,0,0,0,,0,0,0,1,0,0,0,,0,5,,0,0,0,0,0,0,0,,0,0,0,,0,,0,0,0,0,0,0,1,,,0,0,0,1,,7,0,0,,0,0,0,0,9,11,0,,,0,1,0,0,,0,0,0,0,0,0,,0,0,0,0,3,1,0,0,0,0,0,0,8,1,0,0,0,3,,0,0,0,0,0,,0,0,,3,4,0,,0,0,2,,,0,0,
"India",0,0,,,,0,0,0,,7,0,0,,,3769,0,0,0,0,0,,,0,0,0,0,,0,0,0,0,0,,0,,,,0,100,0,0,0,0,0,0,,0,0,0,0,0,0,0,0,0,,0,0,,0,0,11,,0,0,0,7,0,0,0,,0,0,0,0,0,0,0,0,0,0,2,1,,0,0,0,0,2,0,0,3,0,0,,0,0,0,0,0,0,0,,0,0,,0,0,0,10,0,0,0,,0,0,0,,0,,0,0,0,6,0,961,0,,,0,0,0,3,,0,0,978,,0,0,0,0,0,0,0,,,0,0,0,0,,0,5,0,0,0,0,,0,0,0,0,0,172,0,0,0,0,0,0,0,0,0,0,0,0,,0,0,0,0,0,,0,0,,8,4,0,,0,0,1,,,0,0,
"Indonesia",0,0,,,,0,0,0,,0,0,0,,,0,0,0,0,0,0,,,0,0,0,0,,0,0,0,0,0,,0,,,,0,299,0,0,0,0,0,0,,0,0,0,0,0,0,0,0,0,,0,0,,0,0,0,,0,0,0,0,0,0,0,,0,0,0,0,0,0,0,0,0,0,0,0,,0,0,0,0,0,0,0,0,0,0,,0,0,0,0,0,0,0,,0,0,,0,0,0,0,0,0,0,,0,0,0,,0,,0,0,0,0,0,0,0,,,0,0,0,0,,0,0,0,,0,0,0,0,0,0,0,,,0,0,0,0,,0,0,0,0,0,0,,0,0,0,0,0,0,0,0,0,0,0,0,0,0,0,0,0,0,,0,0,0,0,0,,0,0,,11,0,0,,0,0,0,,,0,0,
"Iran, Islamic Rep. of",0,0,,,,0,0,1,,0,0,2,,,0,0,0,0,0,0,,,0,0,0,0,,0,0,0,0,0,,0,,,,0,0,0,0,0,0,0,0,,0,0,0,0,0,0,0,0,0,,0,0,,0,0,0,,0,0,0,0,0,0,0,,0,0,0,0,0,0,0,0,0,0,0,0,,0,0,0,0,0,0,0,0,0,0,,0,0,0,0,0,0,0,,0,0,,0,0,0,0,0,0,0,,0,0,0,,0,,0,0,0,0,0,0,0,,,0,0,0,0,,0,0,23,,0,0,0,0,0,0,0,,,0,0,0,0,,0,0,0,0,0,0,,0,0,0,0,0,0,0,0,0,0,0,0,0,0,0,0,0,0,,0,0,0,0,0,,0,0,,0,0,0,,0,0,0,,,0,0,
"Iraq",0,0,,,,0,0,0,,0,0,0,,,0,0,0,0,0,0,,,0,0,0,0,,0,0,0,0,0,,0,,,,0,0,0,0,0,0,0,0,,0,0,0,0,0,0,0,0,0,,0,0,,0,0,0,,0,0,0,1,0,0,0,,0,0,0,0,0,0,0,0,0,1,0,5,,0,0,0,0,0,16,0,0,0,0,,0,0,0,17,0,0,0,,0,0,,0,0,0,0,0,0,0,,0,0,0,,0,,0,1,0,0,0,0,0,,,0,0,0,0,,0,0,1,,0,0,0,0,0,0,0,,,0,0,0,0,,0,1,0,0,0,0,,0,0,0,0,0,0,0,0,0,8,0,0,0,0,5,0,0,0,,0,0,0,0,0,,0,0,,1,0,0,,0,0,0,,,1,0,
"Ireland",0,4,,,,0,0,0,,96,5,0,,,19,0,0,44,0,0,,,0,4,1,24,,2,0,0,0,1,,0,,,,0,120,1,0,0,0,0,3,,0,28,4,0,0,0,0,5,0,,8,0,,0,4,127,,0,0,1,57,0,1,0,,2,0,0,0,0,0,1,28,0,105,2,1,,0,1,8,1,4,3,0,8,0,1,,0,0,55,5,0,0,0,,118,5,,0,0,0,6,0,0,0,,0,0,1,,11,,1,1,0,0,0,2,26,,,4,0,0,402,,4,0,31,,0,0,0,1,87,286,4,,,23,4,0,0,,0,2,0,0,0,0,,42,0,0,15,70,1,0,0,0,9,0,0,7,10,1,0,0,3,,0,0,0,1,0,,1,7,,645,48,0,,0,0,6,,,0,1,
"Israel",0,70,,,,0,35,20,,0,24,45,,,0,0,13,0,0,0,,,0,0,0,0,,21,0,0,0,0,,0,,,,0,0,0,0,0,0,0,0,,0,55,0,0,0,0,0,83,0,,15,65,,0,0,381,,0,0,28,142,0,34,0,,0,0,0,0,0,0,0,83,0,126,0,62,,0,0,0,0,0,0,3,0,0,0,,61,0,30,40,0,0,4,,51,0,,0,0,0,0,0,0,0,,0,0,0,,50,,0,466,0,0,0,0,0,,,0,0,0,0,,0,0,9,,0,0,0,0,0,323,0,,,285,408,0,0,,0,0,0,0,0,0,,28,0,0,0,0,0,0,0,0,0,0,0,0,0,28,143,0,0,,0,0,0,41,9,,0,257,,44,0,0,,0,0,0,,,92,0,
"Italy",489,48,,,,0,12,1,,27,48,0,,,381,0,2,172,0,4,,,15,56,0,156,,67,1,0,0,6,,5,,,,0,1303,47,0,0,3,9,56,,0,24,10,0,0,75,211,260,21,,2,15,,0,6,365,,0,1,2,169,12,16,0,,3,1,0,0,0,4,0,38,0,627,8,8,,3,4,0,0,22,26,0,8,0,7,,1,0,3,126,0,1,0,,6,12,,93,0,0,0,0,1,0,,0,18,8,,240,,1,998,0,0,0,6,44,,,0,1,1,710,,4,0,189,,1,0,2,219,711,337,10,,,1345,17,2,0,,0,0,248,0,1,1,,32,9,0,3,167,187,0,0,0,16,0,0,31,23,9,0,0,13,,10,0,0,371,4,,2,198,,54,25,1,,0,2,4,,,1,0,
"Jamaica",0,0,,,,0,0,0,,0,0,0,,,0,0,0,0,0,0,,,0,0,0,0,,0,0,0,0,0,,0,,,,0,0,0,0,0,0,0,0,,0,0,0,0,0,0,0,0,0,,0,0,,0,0,0,,0,0,0,0,0,0,0,,0,0,0,0,0,0,0,0,0,3,0,0,,0,0,0,0,0,0,0,0,0,0,,0,0,0,0,0,0,0,,0,0,,0,0,0,0,0,0,0,,0,0,0,,0,,0,0,0,0,0,0,0,,,0,0,0,0,,0,0,0,,0,0,0,0,0,0,0,,,0,0,0,0,,0,0,0,0,0,0,,0,0,0,0,0,0,0,0,0,0,0,0,0,0,0,0,0,0,,0,0,0,0,0,,0,0,,8,8,0,,0,0,0,,,0,0,
"Japan",0,0,,,,0,3,0,,109,3,0,,,65,0,0,16,0,0,,,13,0,0,1039,,1,0,0,3,0,,0,,,,0,4085,6,0,0,1,0,0,,0,1,2,0,0,2,0,5,0,,0,0,,0,2,81,,0,0,0,19,0,1,0,,1,0,0,0,0,1,0,3,0,138,111,5,,1,1,2,0,0,1,0,3,0,785,,1,0,0,1,0,0,0,,1,1,,0,0,0,9,0,0,0,,0,0,3,,0,,33,1,0,5,0,92,5,,,4,0,0,36,,2,0,30,,0,0,4,149,1119,3,1,,,5,5,0,0,,0,1,1,1,0,0,,1,0,0,1,13,22,0,0,0,1,0,0,4,5,0,0,0,103,,0,0,0,1,1,,2,2,,28,67,0,,0,0,123,,,0,0,
"Jordan",0,3,,,,0,0,0,,20,5,0,,,97,0,0,0,0,0,,,0,0,0,2,,0,0,0,0,0,,0,,,,0,300,0,0,0,0,0,0,,1,0,0,0,0,0,0,1337,0,,0,0,,0,0,30,,0,0,0,19,0,0,0,,0,0,0,0,0,0,0,23,0,72,187,0,,0,17,2,0,2,0,0,0,0,1,,0,0,0,151,0,0,1,,0,0,,0,0,0,2,0,0,0,,0,0,0,,0,,0,6,0,0,0,4,7,,,0,0,0,0,,0,13,31,,0,0,0,0,79,0,0,,,3,2,0,0,,0,49,0,0,0,0,,0,0,0,0,18,124,0,0,0,55,0,0,0,8,320,0,0,1,,0,0,0,4,1,,0,2,,10,28,0,,0,0,0,,,16,0,
"Kazakhstan",0,0,,,,0,0,6,,0,0,39,,,0,0,12,0,0,0,,,0,0,0,0,,4,0,0,0,0,,0,,,,0,8,0,0,0,0,0,0,,0,0,0,0,0,0,0,0,0,,2,0,,0,0,0,,0,0,2,570,0,11,0,,0,0,0,0,0,0,0,0,0,0,0,1,,0,0,0,0,0,0,0,0,0,0,,8,0,2,0,0,0,0,,9,0,,0,0,0,0,0,0,0,,0,0,0,,14,,0,0,0,0,0,0,0,,,0,0,0,0,,0,0,0,,0,0,0,0,0,58,0,,,0,1081,0,0,,0,0,0,0,0,0,,0,0,0,0,0,0,0,0,0,0,0,0,0,0,0,36,0,0,,0,0,0,0,7,,0,194,,0,0,0,,0,0,0,,,0,0,
"Kenya",0,0,,,,0,0,0,,0,0,0,,,0,0,0,0,0,0,,,0,0,0,0,,0,0,0,0,0,,0,,,,0,0,0,0,0,0,0,0,,0,0,0,0,0,0,0,0,0,,0,5,,0,0,0,,0,0,0,0,0,0,0,,0,0,0,0,0,0,0,0,0,0,0,0,,0,0,0,0,0,0,0,0,0,0,,0,0,0,0,0,0,0,,0,0,,0,0,0,0,0,0,0,,0,0,0,,0,,0,0,0,0,0,0,0,,,0,0,0,0,,0,0,0,,0,0,0,0,0,0,0,,,0,0,0,0,,0,0,0,0,0,0,,0,0,0,0,0,0,0,0,0,156,0,0,0,0,0,0,2,0,,0,0,0,0,0,,326,0,,0,0,0,,0,0,0,,,0,0,
"Kiribati",0,0,,,,0,0,0,,0,0,0,,,0,0,0,0,0,0,,,0,0,0,0,,0,0,0,0,0,,0,,,,0,0,0,0,0,0,0,0,,0,0,0,0,0,0,0,0,0,,0,0,,0,0,0,,0,0,0,0,0,0,0,,0,0,0,0,0,0,0,0,0,0,0,0,,0,0,0,0,0,0,0,0,0,0,,0,0,0,0,0,0,0,,0,0,,0,0,0,0,0,0,0,,0,0,0,,0,,0,0,0,0,0,0,0,,,0,0,0,0,,0,0,0,,0,0,0,0,0,0,0,,,0,0,0,0,,0,0,0,0,0,0,,0,0,0,0,0,0,0,0,0,0,0,0,0,0,0,0,0,0,,0,0,0,0,0,,0,0,,0,0,0,,0,0,0,,,0,0,
"Korea, Rep. of",0,0,,,,0,0,0,,25,0,0,,,18,0,0,0,0,0,,,0,0,0,0,,0,0,0,2,0,,0,,,,0,1466,0,0,0,0,0,0,,0,0,0,0,0,0,0,0,0,,0,0,,0,0,12,,0,0,0,4,0,0,0,,0,0,0,0,0,0,0,0,0,12,49,0,,0,0,0,0,30,0,0,0,0,0,,0,0,0,0,0,0,0,,0,0,,0,0,0,1,0,0,0,,0,0,0,,0,,72,0,0,1,0,18,0,,,1,0,0,0,,0,0,11,,0,0,0,0,110,0,0,,,0,1,0,0,,0,0,0,0,0,0,,0,0,0,0,0,14,0,0,0,0,0,0,0,0,0,0,0,41,,0,0,0,0,0,,0,0,,3,44,0,,0,0,97,,,0,0,
"Kuwait",0,0,,,,0,0,0,,0,0,0,,,915,0,0,0,0,0,,,0,0,0,0,,0,0,0,0,0,,0,,,,0,0,0,0,0,0,0,0,,0,0,0,0,0,0,0,813,0,,0,0,,0,0,0,,0,0,0,0,0,0,0,,0,0,0,0,0,0,0,0,0,2070,40,79,,0,0,0,0,0,0,0,0,0,0,,0,0,0,0,0,0,0,,0,0,,0,0,0,0,0,0,0,,0,0,0,,0,,0,0,0,0,0,0,0,,,0,0,0,0,,0,0,305,,0,0,0,0,387,0,0,,,0,0,0,0,,0,0,0,0,0,0,,0,0,0,0,0,432,0,0,0,0,0,0,0,0,218,0,0,0,,0,0,0,0,0,,0,0,,0,0,0,,0,0,0,,,0,0,
"Kyrgyz Republic",0,0,,,,0,0,0,,0,0,0,,,0,0,0,0,0,0,,,0,0,0,0,,0,0,0,0,0,,0,,,,0,0,0,0,0,0,0,0,,0,0,0,0,0,0,0,0,0,,0,0,,0,0,0,,0,0,0,10,0,0,0,,0,0,0,0,0,0,0,0,0,0,0,0,,0,0,0,0,0,0,0,0,0,0,,0,0,0,0,0,0,0,,0,0,,0,0,0,0,0,0,0,,0,0,0,,0,,0,0,0,0,0,0,0,,,0,0,0,0,,0,0,0,,0,0,0,0,0,0,0,,,0,43,0,0,,0,0,0,0,0,0,,0,0,0,0,0,0,0,0,0,0,0,0,0,0,0,10,0,0,,0,0,0,0,1,,0,4,,0,0,0,,0,0,0,,,0,0,
"Lao P.D.R.",0,0,,,,0,0,0,,0,0,0,,,0,0,0,0,0,0,,,0,0,0,0,,0,0,0,0,0,,0,,,,0,7,0,0,0,0,0,0,,0,0,0,0,0,0,0,0,0,,0,0,,0,0,0,,0,0,0,0,0,0,0,,0,0,0,0,0,0,0,0,0,0,0,0,,0,0,0,0,0,0,0,0,0,0,,0,0,0,0,0,0,0,,0,0,,0,0,0,0,0,0,0,,0,0,0,,0,,0,0,0,0,0,0,0,,,0,0,0,0,,0,0,0,,0,0,0,0,0,0,0,,,0,0,0,0,,0,0,0,0,0,0,,0,0,0,0,0,0,0,0,0,0,0,0,0,0,0,0,0,1,,0,0,0,0,0,,0,0,,0,0,0,,0,0,7,,,0,0,
"Latvia",0,0,,,,0,0,3,,0,0,6,,,0,0,3,0,0,0,,,0,0,0,0,,0,0,0,0,0,,0,,,,0,0,0,0,0,0,0,0,,0,0,2,0,0,0,0,0,0,,7,0,,0,2,0,,0,0,3,4,0,0,0,,0,0,0,0,0,0,0,0,0,1,0,0,,0,1,0,0,0,0,0,0,0,0,,5,0,0,6,0,0,0,,28,0,,0,0,0,0,0,0,0,,0,0,0,,6,,0,0,0,0,0,0,0,,,0,0,0,0,,0,0,1,,0,0,0,0,0,2,0,,,0,103,0,0,,0,0,0,0,0,0,,0,0,0,0,0,1,0,0,0,0,0,0,2,0,0,12,0,0,,0,0,0,0,0,,0,26,,1,3,0,,0,0,0,,,0,0,
"Lebanon",0,0,,,,0,0,0,,0,0,0,,,0,0,0,0,0,0,,,0,0,0,0,,0,0,0,0,0,,0,,,,0,0,0,0,0,0,0,0,,0,0,0,0,0,0,0,0,0,,0,0,,0,0,0,,0,0,0,0,0,0,0,,0,0,0,0,0,0,0,0,0,0,0,0,,0,0,0,0,0,0,0,0,0,0,,0,0,0,0,0,0,0,,0,0,,0,0,0,0,0,0,0,,0,0,0,,0,,0,0,0,0,0,0,0,,,0,0,0,0,,0,0,0,,0,0,0,0,0,0,0,,,0,0,0,0,,0,0,0,0,0,0,,0,0,0,0,0,0,0,0,0,0,0,0,0,0,0,0,0,0,,0,0,0,0,0,,0,0,,0,0,0,,0,0,0,,,0,0,
"Lesotho",0,0,,,,0,0,0,,0,0,0,,,0,0,0,0,0,0,,,0,0,0,0,,0,0,0,0,0,,0,,,,0,0,0,0,0,0,0,0,,0,0,0,0,0,0,0,0,0,,0,0,,0,0,0,,0,0,0,0,0,0,0,,0,0,0,0,0,0,0,0,0,0,0,0,,0,0,0,0,0,0,0,0,0,0,,0,0,0,0,0,0,0,,0,0,,0,0,0,0,0,0,0,,0,0,0,,0,,0,0,0,0,0,0,0,,,0,0,0,0,,0,0,0,,0,0,0,0,0,0,0,,,0,0,0,0,,0,0,0,0,0,0,,0,0,0,3,0,0,0,0,0,0,0,0,0,0,0,0,0,0,,0,0,0,0,0,,0,0,,0,0,0,,0,0,0,,,0,0,
"Liberia",0,0,,,,0,0,0,,0,0,0,,,0,0,0,0,0,0,,,0,0,0,0,,0,0,0,0,0,,0,,,,0,0,0,0,0,0,0,0,,0,0,0,0,0,0,0,0,0,,0,0,,0,0,1,,0,0,0,2,1,0,0,,0,3,0,0,0,0,0,0,0,3,0,0,,0,0,0,0,0,0,0,0,0,0,,0,0,0,26,0,0,0,,0,0,,0,0,0,0,0,0,0,,0,0,0,,0,,0,0,0,0,0,0,0,,,0,0,0,8,,0,0,0,,0,0,0,0,0,0,0,,,0,0,0,0,,0,0,0,0,0,1,,0,0,0,0,1,0,0,0,0,0,0,0,1,0,0,0,0,0,,0,0,0,0,0,,0,0,,1,0,0,,0,0,0,,,0,0,
"Libya",0,0,,,,0,0,0,,0,0,0,,,0,0,0,0,0,0,,,0,0,0,0,,0,0,0,0,0,,0,,,,0,0,0,0,0,0,0,0,,0,0,0,0,0,0,0,750,0,,0,0,,0,0,0,,0,0,0,0,0,0,0,,0,0,0,0,0,0,0,0,0,0,0,0,,0,0,0,0,0,0,0,0,0,0,,0,0,0,0,0,0,0,,0,0,,0,0,0,0,0,0,0,,0,0,0,,0,,0,0,0,0,0,0,0,,,0,0,0,0,,0,0,0,,0,0,0,0,0,0,0,,,0,0,0,0,,0,0,0,0,0,0,,0,0,0,0,0,0,0,0,0,0,0,0,0,0,44,0,0,0,,0,0,0,187,0,,0,0,,0,0,0,,0,0,0,,,0,0,
"Liechtenstein",0,0,,,,0,0,0,,0,12,0,,,0,0,0,0,0,0,,,0,0,0,0,,0,0,0,0,0,,0,,,,0,0,0,0,0,0,0,0,,0,0,0,0,0,0,0,0,0,,0,0,,0,0,1,,0,0,0,4,0,0,0,,0,0,0,0,0,0,0,0,0,0,0,0,,0,0,1,0,0,0,0,0,0,0,,0,0,0,0,0,0,0,,0,0,,0,0,0,0,0,0,0,,0,0,0,,0,,0,0,0,0,0,0,0,,,0,0,0,0,,0,0,0,,0,0,0,0,0,0,1,,,0,0,0,0,,0,0,0,0,0,0,,0,0,0,0,3,0,0,0,0,0,0,0,0,22,0,0,0,0,,0,0,0,0,0,,0,0,,0,0,0,,0,0,0,,,0,0,
"Lithuania",0,0,,,,0,0,0,,0,0,1,,,0,0,8,0,0,0,,,0,0,0,0,,0,0,0,0,0,,0,,,,0,0,0,0,0,0,0,0,,0,0,0,0,0,0,0,0,0,,1,0,,0,0,1,,0,0,0,3,0,0,0,,0,0,0,0,0,0,0,0,0,0,0,0,,0,0,0,0,0,0,0,0,0,0,,1,0,11,1,0,0,0,,0,0,,0,0,0,0,0,0,0,,0,0,0,,1,,0,0,0,0,0,0,0,,,0,0,0,0,,0,0,0,,0,0,0,0,0,6,0,,,0,30,0,0,,0,0,0,0,0,0,,0,0,0,0,0,0,0,0,0,0,0,0,0,0,0,1,0,0,,0,0,0,0,0,,0,10,,0,1,0,,0,0,0,,,0,0,
"Luxembourg",0,1,,,,0,0,0,,1,4,0,,,0,0,0,439,0,0,,,0,5,0,3,,0,0,0,0,0,,4,,,,0,12,1,0,0,0,0,1,,0,1,7,0,0,1,0,1,0,,0,0,,0,2,224,,0,0,0,55,0,2,0,,0,0,0,0,0,0,0,2,0,6,1,1,,1,0,16,0,1,0,0,0,0,1,,0,0,0,2,0,0,0,,0,0,,0,0,0,0,0,0,0,,0,0,0,,0,,0,2,0,0,0,1,17,,,0,0,0,1,,1,0,0,,0,0,0,1,4,4,94,,,2,0,0,0,,0,0,0,0,0,0,,0,0,0,0,21,0,0,0,0,0,0,0,3,5,0,0,0,1,,0,0,0,1,0,,0,0,,7,2,0,,0,0,2,,,0,0,
"Macao SAR, China",0,0,,,,0,0,0,,0,0,0,,,0,0,0,0,0,0,,,0,0,0,0,,0,0,0,0,0,,0,,,,0,958,0,0,0,0,0,0,,0,0,0,0,0,0,0,0,0,,0,0,,0,0,0,,0,0,0,0,0,0,0,,0,0,0,0,0,0,10,0,0,0,0,0,,0,0,0,0,0,0,0,0,0,0,,0,0,0,0,0,0,0,,0,0,,0,0,0,0,0,0,0,,0,0,0,,0,,0,0,0,0,0,0,0,,,0,0,0,0,,0,0,0,,0,0,0,0,22,0,2,,,0,0,0,0,,0,0,0,0,0,0,,0,0,0,0,0,0,0,0,0,0,0,0,0,0,0,0,0,1,,0,0,0,0,0,,0,0,,0,0,0,,0,0,0,,,0,0,
"Macedonia, FYR",54,0,,,,0,0,0,,0,0,0,,,0,0,0,0,0,0,,,0,3,0,0,,0,0,0,0,0,,0,,,,0,0,0,0,0,0,0,0,,0,0,0,0,0,0,0,0,0,,0,0,,0,0,0,,0,0,0,0,0,0,0,,0,0,0,0,0,0,0,0,0,0,0,0,,0,0,0,0,0,0,0,0,0,0,,0,0,0,0,0,0,0,,0,0,,0,0,0,0,0,0,0,,0,0,0,,0,,0,0,0,0,0,0,0,,,0,0,0,0,,0,0,0,,0,0,0,0,0,0,0,,,0,0,0,0,,0,0,0,125,0,0,,0,0,0,0,0,0,0,0,0,0,0,0,0,0,0,0,0,0,,0,0,0,0,2,,0,0,,0,0,0,,0,0,0,,,0,0,
"Madagascar",0,4,,,,0,0,0,,0,0,0,,,0,0,0,2,0,0,,,0,0,0,0,,0,0,0,0,0,,0,,,,0,13,0,1,0,0,0,0,,0,0,0,0,0,0,0,0,0,,0,0,,0,0,113,,0,0,0,1,0,0,0,,0,0,0,0,0,0,0,0,0,10,0,0,,0,0,0,0,0,0,0,0,0,0,,0,0,0,0,0,0,0,,0,0,,0,0,0,0,0,0,0,,0,0,0,,0,,0,0,0,0,0,0,0,,,0,0,0,0,,0,0,2,,0,0,0,0,0,0,0,,,0,0,0,0,,0,0,0,0,0,0,,0,0,0,0,0,0,0,0,0,0,0,0,0,1,0,0,0,0,,0,0,0,0,0,,0,0,,0,0,0,,0,0,0,,,0,0,
"Malawi",0,0,,,,0,0,0,,0,0,0,,,0,0,0,0,0,0,,,0,0,0,0,,0,0,0,0,0,,0,,,,0,0,0,0,0,0,0,0,,0,0,0,0,0,0,0,0,0,,0,0,,0,0,0,,0,0,0,0,0,0,0,,0,0,0,0,0,0,0,0,0,10,0,0,,0,0,0,0,0,0,0,0,0,0,,0,0,0,0,0,0,0,,0,0,,0,0,0,0,0,0,0,,0,0,0,,0,,0,0,8,0,0,0,0,,,0,0,0,0,,0,0,0,,0,0,0,0,0,0,0,,,0,0,0,0,,0,0,0,0,0,0,,0,0,0,5,0,0,0,0,0,0,0,0,0,0,0,0,0,0,,0,0,0,0,0,,0,0,,0,0,0,,0,0,0,,,0,5,
"Malaysia",0,0,,,,0,0,0,,67,0,0,,,268,0,0,0,0,0,,,0,0,0,0,,0,0,0,0,0,,0,,,,0,545,0,0,0,0,0,0,,0,0,0,0,0,0,0,0,0,,0,0,,0,0,0,,0,0,0,0,0,0,0,,0,0,0,0,0,0,0,0,0,318,3431,0,,0,0,0,0,48,0,0,0,0,0,,0,0,0,0,0,0,0,,0,0,,0,0,0,0,0,0,0,,0,0,0,,0,,0,0,0,4,0,0,0,,,3,0,0,0,,0,0,23,,0,0,0,0,799,0,0,,,0,0,0,0,,0,0,0,0,0,0,,0,0,0,0,0,6,0,0,0,0,0,0,0,0,0,0,0,131,,0,0,0,0,0,,0,0,,20,0,0,,0,0,0,,,0,0,
"Maldives",0,0,,,,0,0,0,,0,0,0,,,0,0,0,0,0,0,,,0,0,0,0,,0,0,0,0,0,,0,,,,0,0,0,0,0,0,0,0,,0,0,0,0,0,0,0,0,0,,0,0,,0,0,0,,0,0,0,0,0,0,0,,0,0,0,0,0,0,0,0,0,0,0,0,,0,0,0,0,0,0,0,0,0,0,,0,0,0,0,0,0,0,,0,0,,0,0,0,0,0,0,0,,0,0,0,,0,,0,0,0,0,0,0,0,,,0,0,0,0,,0,0,0,,0,0,0,0,0,0,0,,,0,0,0,0,,0,0,0,0,0,0,,0,0,0,0,0,0,0,0,0,0,0,0,0,0,0,0,0,0,,0,0,0,0,0,,0,0,,0,0,0,,0,0,0,,,0,0,
"Mali",0,1,,,,0,0,0,,0,0,0,,,0,0,0,0,0,0,,,0,0,0,0,,0,0,0,0,0,,0,,,,0,0,0,0,0,0,9,0,,0,0,0,0,0,0,0,0,0,,0,0,,0,0,24,,2,0,0,0,0,0,0,,0,1,0,0,0,0,0,0,0,0,0,0,,0,0,0,0,0,0,0,0,0,0,,0,0,0,0,0,0,0,,0,0,,0,0,0,0,0,0,0,,0,0,0,,0,,0,0,0,0,0,0,0,,,0,0,1,7,,0,0,0,,0,0,0,0,0,0,0,,,0,0,0,0,,0,0,10,0,0,0,,0,0,0,0,0,0,0,0,0,0,0,0,0,0,0,0,0,0,,0,0,0,0,0,,0,0,,0,0,0,,0,0,0,,,0,0,
"Malta",0,0,,,,0,0,0,,24,0,0,,,0,0,0,0,0,0,,,0,0,0,0,,0,0,0,0,0,,0,,,,0,0,0,0,0,0,0,0,,0,0,0,0,0,0,0,0,0,,0,0,,0,0,1,,0,0,0,2,0,0,0,,0,0,0,0,0,0,0,0,0,0,0,0,,0,0,1,0,0,0,0,0,0,0,,0,0,0,0,0,0,0,,0,0,,0,0,0,0,0,0,0,,0,0,0,,0,,0,0,0,0,0,0,0,,,0,0,0,0,,0,0,0,,0,0,0,0,0,0,0,,,0,0,0,0,,0,0,0,0,0,0,,0,0,0,0,0,0,0,0,0,0,0,0,0,0,0,0,0,0,,0,0,0,0,0,,0,0,,8,1,0,,0,0,0,,,0,0,
"Marshall Islands",0,0,,,,0,0,0,,1,0,0,,,0,0,0,0,0,0,,,0,0,0,0,,0,0,0,0,0,,0,,,,0,0,0,0,0,0,0,0,,0,0,0,0,0,0,0,0,0,,0,0,,0,0,0,,0,0,0,0,0,0,0,,0,0,0,0,0,0,0,0,0,0,0,0,,0,0,0,0,0,0,0,0,0,0,,0,0,0,0,0,0,0,,0,0,,0,0,0,0,0,0,0,,0,0,0,,0,,0,0,0,0,0,0,0,,,0,0,0,0,,0,0,0,,0,0,0,0,0,0,0,,,0,0,0,0,,0,0,0,0,0,0,,0,0,0,0,0,0,0,0,0,0,0,0,0,0,0,0,0,0,,0,0,0,0,0,,0,0,,0,0,0,,0,0,0,,,0,0,
"Mauritania",0,3,,,,0,0,0,,0,0,0,,,0,0,0,2,0,0,,,0,0,0,1,,0,0,0,0,0,,0,,,,0,1,0,0,0,0,0,0,,0,0,0,0,0,0,0,1,0,,0,0,,0,0,22,,0,0,0,0,0,0,0,,0,0,0,0,0,0,0,0,0,0,0,0,,0,0,0,0,0,0,0,0,0,0,,0,0,0,2,0,0,0,,0,0,,0,0,0,0,0,3,0,,0,0,0,,0,,0,1,0,0,0,0,0,,,0,0,0,0,,0,0,0,,0,0,0,0,0,0,0,,,0,0,0,0,,0,1,56,0,0,0,,0,0,0,0,1,0,0,0,0,0,0,0,0,0,0,0,0,0,,0,0,0,1,0,,0,0,,0,0,0,,0,0,0,,,0,0,
"Mauritius",0,0,,,,0,0,0,,4,0,0,,,0,0,0,0,0,0,,,0,0,0,0,,0,0,0,0,0,,0,,,,0,69,0,0,0,0,0,0,,0,0,0,0,0,0,0,0,0,,0,0,,0,0,42,,0,0,0,6,0,0,0,,0,0,0,0,0,0,0,0,0,20,0,0,,0,0,1,0,0,0,0,0,0,0,,0,0,0,0,0,0,0,,0,0,,0,0,0,0,0,0,0,,0,0,0,,0,,0,0,0,0,0,0,0,,,0,0,0,0,,0,0,0,,0,0,0,0,0,0,0,,,0,0,0,0,,0,0,0,0,0,0,,0,0,0,2,0,0,0,0,0,0,0,0,0,0,0,0,0,0,,0,0,0,0,0,,0,0,,5,0,0,,0,0,0,,,0,0,
"Mexico",0,0,,,,0,6,0,,4,4,0,,,0,0,0,25,2,0,,,2,0,0,9,,0,0,0,0,0,,0,,,,0,12,14,0,0,12,0,0,,0,1,1,0,0,3,3,0,15,,0,0,,0,0,76,,0,0,0,27,0,1,0,,104,0,0,0,0,14,0,2,0,2,0,0,,0,2,5,0,11,0,0,0,0,3,,0,0,0,17,0,0,0,,0,1,,0,0,0,0,0,0,0,,0,0,0,,0,,0,0,0,0,0,0,5,,,0,3,0,0,,1,0,0,,3,0,0,9,1,3,1,,,0,1,0,0,,0,0,0,0,0,0,,0,0,0,0,223,0,0,0,0,0,0,0,2,11,1,0,0,0,,0,0,0,0,0,,0,0,,6,655,1,,0,1,0,,,0,0,
"Micronesia, Fed. Sts.",0,0,,,,0,0,0,,0,0,0,,,0,0,0,0,0,0,,,0,0,0,0,,0,0,0,0,0,,0,,,,0,0,0,0,0,0,0,0,,0,0,0,0,0,0,0,0,0,,0,0,,0,0,0,,0,0,0,0,0,0,0,,0,0,0,0,0,0,0,0,0,0,0,0,,0,0,0,0,0,0,0,0,0,0,,0,0,0,0,0,0,0,,0,0,,0,0,0,0,0,0,0,,0,0,0,,0,,0,0,0,0,0,0,0,,,0,0,0,0,,0,0,0,,0,0,0,0,0,0,0,,,0,0,0,0,,0,0,0,0,0,0,,0,0,0,0,0,0,0,0,0,0,0,0,0,0,0,0,0,0,,0,0,0,0,0,,0,0,,0,1,0,,0,0,0,,,0,0,
"Moldova",0,0,,,,0,0,0,,0,0,0,,,0,0,1,0,0,0,,,0,0,0,0,,48,0,0,0,0,,0,,,,0,0,0,0,0,0,0,0,,0,0,0,0,0,0,0,0,0,,0,0,,0,0,0,,0,0,0,0,0,0,0,,0,0,0,0,0,0,0,0,0,0,0,0,,0,0,0,0,0,0,0,0,0,0,,0,0,0,0,0,0,0,,0,0,,0,0,0,0,0,0,0,,0,0,0,,0,,0,0,0,0,0,0,0,,,0,0,0,0,,0,0,0,,0,0,0,0,0,0,0,,,0,72,0,0,,0,0,0,0,0,0,,0,0,0,0,0,0,0,0,0,0,0,0,0,0,0,0,0,0,,0,0,0,0,0,,0,111,,0,0,0,,0,0,0,,,0,0,
"Monaco",0,0,,,,0,0,0,,0,0,0,,,0,0,0,16,0,0,,,0,0,0,0,,0,0,0,0,0,,0,,,,0,0,0,0,0,0,0,0,,0,0,0,0,0,0,0,0,0,,0,0,,0,0,85,,0,0,0,0,0,0,0,,0,0,0,0,0,0,0,0,0,0,0,0,,0,0,6,0,0,0,0,0,0,0,,0,0,0,0,0,0,0,,0,0,,0,0,0,0,0,0,0,,0,0,0,,0,,0,0,0,0,0,0,0,,,0,0,0,0,,0,0,0,,0,0,0,0,0,0,0,,,0,0,0,0,,0,0,0,0,0,0,,0,0,0,0,0,0,0,0,0,0,0,0,0,0,0,0,0,0,,0,0,0,0,0,,0,0,,2,0,0,,0,0,0,,,0,0,
"Mongolia",0,0,,,,0,0,0,,0,0,0,,,0,0,0,0,0,0,,,0,0,0,0,,0,0,0,0,0,,0,,,,0,10,0,0,0,0,0,0,,0,0,0,0,0,0,0,0,0,,0,0,,0,0,0,,0,0,0,0,0,0,0,,0,0,0,0,0,0,0,0,0,0,0,0,,0,0,0,0,0,0,0,0,0,0,,0,0,0,0,0,0,0,,0,0,,0,0,0,0,0,0,0,,0,0,0,,0,,0,0,0,0,0,0,0,,,0,0,0,0,,0,0,0,,0,0,0,0,0,0,0,,,0,2,0,0,,0,0,0,0,0,0,,0,0,0,0,0,0,0,0,0,0,0,0,0,0,0,0,0,0,,0,0,0,0,0,,0,0,,0,0,0,,0,0,0,,,0,0,
"Morocco",0,0,,,,0,0,0,,0,0,0,,,0,0,0,0,0,0,,,0,0,0,0,,0,0,0,0,0,,0,,,,0,0,0,0,0,0,0,0,,0,0,0,0,0,0,0,0,0,,0,0,,0,0,0,,0,0,0,0,0,0,0,,0,0,0,0,0,0,0,0,0,0,0,0,,0,0,0,0,0,0,0,0,0,0,,0,0,0,0,0,0,0,,0,0,,0,0,0,0,0,0,0,,0,0,0,,0,,0,0,0,0,0,0,0,,,0,0,0,0,,0,0,0,,0,0,0,0,0,0,0,,,0,0,0,0,,0,0,0,0,0,0,,0,0,0,0,0,0,0,0,0,0,0,0,0,0,0,0,0,0,,0,0,0,0,0,,0,0,,0,0,0,,0,0,0,,,0,0,
"Mozambique",0,0,,,,0,0,0,,0,0,0,,,0,0,0,0,0,0,,,0,0,0,0,,0,0,0,0,0,,10,,,,0,0,0,0,0,0,0,0,,0,0,0,0,0,0,0,0,0,,0,0,,0,0,0,,0,0,0,0,0,0,0,,0,0,0,0,0,0,0,0,0,22,0,0,,0,0,0,0,0,0,0,0,0,0,,0,0,0,0,19,0,0,,0,0,,0,0,0,0,0,0,0,,0,0,0,,0,,0,0,0,0,5,0,0,,,0,0,0,0,,0,0,8,,0,0,0,0,0,0,105,,,0,0,0,0,,0,0,0,0,0,0,,0,0,0,137,0,0,0,0,0,0,0,3,0,0,0,0,0,0,,0,0,0,0,0,,0,0,,0,0,0,,0,0,0,,,0,2,
"Myanmar",0,0,,,,0,0,0,,0,0,0,,,1,0,0,0,0,0,,,0,0,0,0,,0,0,0,0,0,,0,,,,0,158,0,0,0,0,0,0,,0,0,0,0,0,0,0,0,0,,0,0,,0,0,0,,0,0,0,0,0,0,0,,0,0,0,0,0,0,0,0,0,57,0,0,,0,0,0,0,0,0,0,0,0,0,,0,0,0,0,0,0,0,,0,0,,0,0,0,0,0,0,0,,0,0,0,,0,,0,0,0,0,0,0,0,,,0,0,0,0,,0,0,3,,0,0,0,0,0,0,0,,,0,0,0,0,,0,0,0,0,0,0,,0,0,0,0,0,0,0,0,0,0,0,0,0,0,0,0,0,0,,0,0,0,0,0,,0,0,,0,0,0,,0,0,0,,,0,0,
"Namibia",0,0,,,,0,0,0,,0,0,0,,,0,0,0,0,0,0,,,0,0,5,0,,0,0,0,0,0,,0,,,,0,0,0,0,0,0,0,0,,0,0,0,0,0,0,0,0,0,,0,0,,0,0,0,,0,0,0,0,0,0,0,,0,0,0,0,0,0,0,0,0,0,0,0,,0,0,0,0,0,0,0,0,0,0,,0,0,0,0,0,0,0,,0,0,,0,0,0,0,0,0,0,,0,0,0,,0,,0,0,0,0,0,0,0,,,0,0,0,0,,0,0,0,,0,0,0,0,0,0,0,,,0,0,0,0,,0,0,0,0,0,0,,0,0,0,31,0,0,0,0,0,0,0,0,0,0,0,0,0,0,,0,0,0,0,0,,0,0,,0,0,0,,0,0,0,,,0,4,
"Nepal",0,0,,,,0,0,0,,20,0,0,,,1,0,0,0,0,0,,,0,0,0,0,,0,0,0,0,0,,0,,,,0,42,0,0,0,0,0,0,,0,0,0,0,0,0,0,0,0,,0,0,,0,0,0,,0,0,0,0,0,0,0,,0,0,0,0,0,0,0,0,0,1499,0,0,,0,0,0,0,0,0,0,0,0,0,,0,0,0,0,0,0,0,,0,0,,0,0,0,0,1,0,0,,0,0,0,,0,,0,0,0,0,0,0,0,,,0,0,0,0,,0,0,18,,0,0,0,0,0,0,0,,,0,0,0,0,,0,0,0,0,0,0,,0,0,0,0,0,1,0,0,0,0,0,0,0,0,0,0,0,0,,0,0,0,0,0,,0,0,,0,0,0,,0,0,0,,,0,0,
"Netherlands, The",1,7,,,,0,2,3,,98,36,4,,,7,0,0,1108,0,0,,,2,1,1,40,,13,0,0,1,1,,11,,,,0,264,27,0,0,3,0,0,,0,13,12,0,0,25,4,37,1,,4,9,,0,6,187,,0,1,1,387,3,15,0,,3,1,0,2,2,2,5,35,0,110,683,23,,4,7,18,2,15,7,0,13,0,8,,0,0,8,44,0,1,0,,12,28,,0,0,0,4,0,0,0,,0,1,5,,0,,3,396,0,0,0,12,0,,,4,1,0,87,,9,1,39,,0,0,0,8,57,128,22,,,15,4,2,0,,0,2,3,0,0,3,,7,0,0,16,138,26,0,0,0,33,2,0,10,32,15,1,0,29,,3,0,0,14,45,,4,2,,74,30,0,,0,1,44,,,1,1,
"Netherlands Antilles",0,0,,,,1,0,0,,0,0,0,,,0,1,0,0,0,0,,,0,0,0,0,,0,0,0,0,0,,0,,,,0,0,4,0,0,0,0,0,,0,0,0,0,0,22,0,0,0,,0,0,,0,0,2,,0,0,0,0,0,0,0,,0,0,0,0,1,0,0,0,0,0,0,0,,0,0,0,2,1,0,0,0,0,0,,0,0,0,12,0,0,0,,0,0,,0,0,0,0,0,0,0,,0,0,0,,0,,0,0,0,0,0,0,34,,,0,0,0,0,,0,0,0,,0,0,0,0,0,0,2,,,0,0,0,0,,0,0,0,0,0,0,,0,0,0,0,0,0,1,0,0,0,0,0,0,0,0,0,0,0,,0,0,0,0,0,,0,0,,0,2,0,,0,0,0,,,0,0,
"New Caledonia",0,0,,,,0,0,0,,0,0,0,,,0,0,0,0,0,0,,,0,0,0,0,,0,0,0,0,0,,0,,,,0,0,0,0,0,0,0,0,,0,0,0,0,0,0,0,0,0,,0,0,,2,0,0,,0,0,0,0,0,0,0,,0,0,0,0,0,0,0,0,0,0,3,0,,0,0,0,0,0,0,0,0,0,0,,0,0,0,0,0,0,0,,0,0,,0,0,0,0,0,0,0,,0,0,0,,0,,0,0,0,0,0,0,0,,,0,0,0,0,,0,0,0,,0,2,0,0,0,0,0,,,0,0,0,0,,0,0,0,0,0,0,,0,0,0,0,0,0,0,0,0,0,0,0,0,0,0,0,0,0,,0,0,0,0,0,,0,0,,0,0,0,,1,0,1,,,0,0,
"New Zealand",0,0,,,,0,1,0,,671,8,0,,,7,0,0,17,0,0,,,0,1,0,6,,1,0,0,6,0,,0,,,,0,504,1,0,0,0,0,4,,0,3,6,0,0,0,0,4,0,,0,1,,26,1,32,,0,0,0,38,0,2,0,,0,0,0,0,0,0,4,7,0,256,19,2,,6,1,2,0,26,2,0,7,1,39,,0,0,1,5,0,0,0,,0,1,,1,0,0,16,0,0,0,,0,1,1,,0,,0,0,0,0,0,5,99,,,0,0,0,7,,2,1,6,,0,0,0,1,77,6,0,,,4,2,0,66,,0,1,0,0,0,0,,1,0,0,53,4,17,0,0,0,3,0,0,3,17,1,0,0,15,,0,44,0,0,0,,1,1,,418,26,0,,1,0,14,,,0,1,
"Nicaragua",0,0,,,,0,0,0,,0,0,0,,,0,0,0,1,0,0,,,0,0,0,0,,0,0,0,0,0,,0,,,,0,0,1,0,0,27,0,0,,0,0,0,0,0,0,0,0,5,,0,0,,0,0,2,,0,0,0,1,0,0,0,,3,0,0,0,0,27,0,0,0,0,0,0,,0,0,0,0,0,0,0,0,0,0,,0,0,0,0,0,0,0,,0,0,,0,0,0,0,0,0,0,,0,0,2,,0,,0,0,0,0,0,0,1,,,0,0,0,0,,0,0,0,,1,0,0,0,0,0,0,,,0,0,0,0,,0,0,0,0,0,0,,0,0,0,0,5,0,0,0,0,0,0,0,0,1,0,0,0,0,,0,0,0,0,0,,0,0,,0,6,0,,0,0,0,,,0,0,
"Niger",0,0,,,,0,0,0,,0,0,0,,,0,0,0,0,0,9,,,0,0,0,0,,0,1,0,0,0,,0,,,,0,0,0,0,0,0,0,0,,0,0,0,0,0,0,0,0,0,,0,0,,0,0,0,,0,0,0,0,0,0,0,,0,0,0,0,0,0,0,0,0,0,0,0,,0,0,0,0,0,0,0,0,0,0,,0,0,0,0,0,0,0,,0,0,,0,0,0,0,0,17,0,,0,0,0,,0,,0,0,0,0,0,0,0,,,0,0,0,126,,0,0,0,,0,0,0,0,0,0,0,,,0,0,0,0,,0,0,0,0,0,0,,0,0,0,0,0,0,0,0,0,0,0,0,0,0,0,0,0,0,,5,0,0,0,0,,0,0,,0,0,0,,0,0,0,,,0,0,
"Nigeria",0,0,,,,0,0,0,,11,0,0,,,0,0,0,0,0,87,,,0,0,0,0,,0,0,0,0,6,,2,,,,0,0,0,0,0,0,1,0,,0,0,0,0,0,0,0,14,0,,0,0,,0,0,0,,0,2,0,0,11,0,0,,0,1,1,0,0,0,0,0,0,0,0,0,,0,0,0,0,0,0,0,0,0,0,,0,0,0,0,0,1,0,,0,0,,0,0,0,0,0,37,0,,0,0,0,,0,,0,0,0,0,0,0,0,,,0,0,15,0,,0,0,0,,0,0,0,0,0,0,0,,,0,0,0,0,,0,0,4,0,0,0,,0,0,0,0,0,0,0,0,0,0,0,0,0,0,0,0,0,0,,54,0,0,0,0,,0,0,,0,0,0,,0,0,0,,,0,0,
"Northern Mariana Islands",0,0,,,,0,0,0,,0,0,0,,,1,0,0,0,0,0,,,0,0,0,0,,0,0,0,0,0,,0,,,,0,75,0,0,0,0,0,0,,0,0,0,0,0,0,0,0,0,,0,0,,0,0,0,,0,0,0,0,0,0,0,,0,0,0,0,0,0,0,0,0,0,0,0,,0,0,0,0,3,0,0,0,0,3,,0,0,0,0,0,0,0,,0,0,,0,0,0,0,0,0,0,,0,0,0,,0,,0,0,0,0,0,0,0,,,0,0,0,0,,0,0,0,,0,0,0,0,42,0,0,,,0,0,0,0,,0,0,0,0,0,0,,0,0,0,0,0,0,0,0,0,0,0,0,0,0,0,0,0,0,,0,0,0,0,0,,0,0,,0,4,0,,0,0,0,,,0,0,
"Norway",0,3,,,,0,1,0,,17,9,0,,,7,0,0,32,0,0,,,1,36,0,9,,3,0,0,0,1,,0,,,,0,61,15,0,0,2,0,6,,0,4,108,0,0,2,2,3,1,,2,8,,0,29,43,,0,3,0,65,1,2,0,,3,0,0,0,0,1,1,14,4,82,6,18,,1,2,2,0,4,2,0,11,0,13,,0,0,2,29,0,0,0,,4,4,,1,0,0,1,0,0,0,,0,0,2,,1,,0,18,0,0,0,6,27,,,1,0,0,16,,0,0,100,,0,0,0,3,79,33,2,,,4,6,1,0,,0,1,1,0,0,0,,2,0,0,2,21,40,0,0,0,7,0,0,125,11,4,1,0,26,,0,0,0,4,3,,5,2,,35,29,0,,0,0,85,,,0,0,
"Oman",0,0,,,,0,0,0,,0,0,0,,,415,0,0,0,0,0,,,0,0,0,0,,0,0,0,0,0,,0,,,,0,0,0,0,0,0,0,0,,0,0,0,0,0,0,0,81,0,,0,0,,0,0,5,,0,0,0,0,0,0,0,,0,0,0,0,0,0,0,0,0,1615,0,0,,0,0,0,0,0,62,0,0,0,0,,0,0,0,0,0,0,0,,0,0,,0,0,0,0,0,0,0,,0,0,0,,0,,0,0,0,0,0,0,6,,,0,0,0,0,,0,0,162,,0,0,0,0,51,0,0,,,0,0,0,0,,0,0,0,0,0,0,,0,0,0,0,0,64,0,0,0,46,0,0,0,0,0,0,0,0,,0,0,0,0,0,,0,0,,17,0,0,,0,0,0,,,0,0,
"Pakistan",0,0,,,,0,0,0,,0,0,0,,,0,0,0,0,0,0,,,0,0,0,0,,0,0,0,0,0,,0,,,,0,0,0,0,0,0,0,0,,0,0,0,0,0,0,0,0,0,,0,0,,0,0,0,,0,0,0,0,0,0,0,,0,0,0,0,0,0,0,0,0,0,0,0,,0,0,0,0,0,0,0,0,0,0,,0,0,0,0,0,0,0,,0,0,,0,0,0,0,0,0,0,,0,0,0,,0,,0,0,0,0,0,0,0,,,0,0,0,0,,0,0,0,,0,0,0,0,0,0,0,,,0,0,0,0,,0,0,0,0,0,0,,0,0,0,0,0,0,0,0,0,0,0,0,0,0,0,0,0,0,,0,0,0,0,0,,0,0,,0,0,0,,0,0,0,,,0,0,
"Palau",0,0,,,,0,0,0,,0,0,0,,,0,0,0,0,0,0,,,0,0,0,0,,0,0,0,0,0,,0,,,,0,0,0,0,0,0,0,0,,0,0,0,0,0,0,0,0,0,,0,0,,0,0,0,,0,0,0,0,0,0,0,,0,0,0,0,0,0,0,0,0,0,0,0,,0,0,0,0,1,0,0,0,0,0,,0,0,0,0,0,0,0,,0,0,,0,0,0,0,0,0,0,,0,0,0,,0,,0,0,0,0,0,0,0,,,0,0,0,0,,0,0,0,,0,0,0,0,6,0,0,,,0,0,0,0,,0,0,0,0,0,0,,0,0,0,0,0,0,0,0,0,0,0,0,0,0,0,0,0,0,,0,0,0,0,0,,0,0,,0,1,0,,0,0,0,,,0,0,
"Panama",0,0,,,,0,1,0,,1,0,0,,,0,0,0,1,0,0,,,0,0,0,3,,0,0,0,0,0,,0,,,,0,58,46,0,0,26,0,0,,0,0,0,0,0,19,4,0,5,,0,0,,0,0,4,,0,0,0,2,0,1,0,,3,0,0,0,0,3,0,0,0,9,0,0,,0,1,1,1,1,1,0,0,0,0,,0,0,0,5,0,0,0,,0,0,,0,0,0,0,0,0,0,,0,0,5,,0,,0,0,0,0,0,0,1,,,0,5,0,0,,0,0,0,,0,0,0,7,2,0,0,,,0,0,0,0,,0,0,0,0,0,0,,0,0,0,0,27,0,0,0,0,0,0,0,0,1,0,0,0,0,,0,0,0,0,0,,0,0,,1,10,0,,0,0,0,,,0,0,
"Papua New Guinea",0,0,,,,0,0,0,,152,0,0,,,0,0,0,0,0,0,,,0,0,0,0,,0,0,0,0,0,,0,,,,0,1,0,0,0,0,0,0,,0,0,0,0,0,0,0,0,0,,0,0,,0,0,0,,0,0,0,2,0,0,0,,0,0,0,0,0,0,0,0,0,1,1,0,,0,0,0,0,0,0,0,0,0,0,,0,0,0,0,0,0,0,,0,0,,0,0,0,0,0,0,0,,0,0,0,,0,,0,0,0,0,0,0,2,,,1,0,0,0,,0,0,0,,0,0,0,0,0,0,0,,,0,0,0,0,,0,0,0,0,0,0,,0,0,0,0,0,0,0,0,0,0,0,0,0,0,0,0,0,0,,0,0,0,0,0,,0,0,,4,1,0,,0,0,0,,,0,0,
"Paraguay",0,0,,,,0,35,0,,0,1,0,,,0,0,0,2,0,0,,,1,0,0,192,,0,0,0,0,0,,0,,,,0,3,0,0,0,0,0,0,,0,0,0,0,0,0,0,0,0,,0,0,,0,0,3,,0,0,0,6,0,0,0,,0,0,0,0,0,0,0,0,0,0,0,0,,0,0,0,0,5,0,0,0,0,2,,0,0,0,5,0,0,0,,0,0,,0,0,0,0,0,0,0,,0,0,2,,0,,0,0,0,0,0,0,0,,,0,0,0,0,,0,0,0,,0,0,0,2,0,1,0,,,0,0,0,0,,0,0,0,0,0,0,,0,0,0,0,7,0,0,0,0,0,0,0,0,1,0,0,0,0,,0,0,0,0,0,,0,0,,0,2,1,,0,0,0,,,0,0,
"Peru",0,0,,,,0,2,0,,1,1,0,,,0,0,0,6,0,0,,,2,0,0,5,,0,0,0,0,0,,0,,,,0,11,2,0,0,1,0,0,,0,0,0,0,0,0,2,0,0,,0,0,,0,0,7,,0,0,0,4,0,0,0,,0,0,0,0,0,0,0,0,0,0,0,0,,0,0,2,0,4,0,0,0,0,0,,0,0,0,1,0,0,0,,0,0,,0,0,0,0,0,0,0,,0,0,1,,0,,0,0,0,0,0,0,1,,,0,0,0,0,,0,0,0,,0,0,0,0,1,0,0,,,0,0,0,0,,0,0,0,0,0,0,,0,0,0,0,19,0,0,0,0,0,0,0,0,2,0,0,0,0,,0,0,0,0,0,,0,0,,1,5,0,,0,0,0,,,0,0,
"Philippines",0,1,,,,4,0,0,,29,11,0,,,1,0,0,24,0,0,,,1,0,0,13,,1,0,0,0,0,,0,,,,0,170,0,0,0,0,0,0,,0,0,4,0,0,2,0,1,0,,0,0,,0,1,4,,0,0,0,7,0,1,0,,1,0,0,0,0,0,0,1,0,12,12,1,,0,1,1,0,19,0,0,1,0,3,,0,0,0,0,0,0,0,,0,0,,0,0,0,0,0,0,0,,0,0,0,,0,,0,0,0,0,0,2,1,,,0,0,0,2,,5,0,1,,0,0,0,1,0,0,0,,,0,0,0,0,,0,1,0,0,0,0,,0,0,0,0,1,0,0,0,0,0,0,0,0,2,0,0,0,0,,0,0,0,1,0,,0,0,,65,58,0,,0,0,1,,,0,0,
"Poland",0,1,,,,0,0,2,,6,23,0,,,0,0,25,60,0,0,,,0,4,0,1,,3,0,0,0,0,,0,,,,0,4,0,0,0,0,0,2,,0,21,3,0,0,0,0,0,0,,1,0,,0,1,329,,0,0,0,340,0,4,0,,0,0,0,0,0,0,0,7,0,2,0,0,,0,1,3,0,1,1,0,0,0,0,,0,0,5,3,0,0,0,,218,4,,0,0,0,0,0,0,0,,0,0,0,,1,,2,0,0,0,0,0,4,,,0,0,0,2,,1,0,0,,0,0,0,0,0,0,0,,,5,30,0,0,,0,0,0,0,0,0,,5,0,0,0,6,0,0,0,0,0,0,0,2,2,1,0,0,0,,0,0,0,0,0,,0,264,,5,12,0,,0,0,4,,,0,0,
"Portugal",0,0,,,,0,1,0,,16,3,0,,,1,0,0,93,0,0,,,0,0,0,204,,1,0,0,0,0,,47,,,,0,18,1,0,0,0,0,0,,0,1,2,0,0,0,1,0,0,,1,0,,0,1,1224,,0,0,0,111,0,0,0,,0,0,11,0,0,0,0,2,0,45,0,0,,1,0,3,0,1,0,0,1,0,0,,0,0,0,1,0,0,0,,1,139,,0,0,0,0,0,0,0,,0,0,0,,9,,0,3,25,0,0,0,19,,,0,0,0,2,,1,0,3,,0,0,0,1,1,1,0,,,6,2,0,0,,1,0,2,0,0,0,,0,0,0,17,144,0,0,0,0,0,0,0,3,93,0,0,0,0,,0,0,0,0,0,,0,15,,22,13,0,,0,7,0,,,0,0,
"Puerto Rico",0,0,,,,0,0,0,,0,0,0,,,0,0,0,0,0,0,,,0,0,0,0,,0,0,0,0,0,,0,,,,0,0,0,0,0,0,0,0,,0,0,0,0,0,0,0,0,0,,0,0,,0,0,0,,0,0,0,0,0,0,0,,0,0,0,0,0,0,0,0,0,0,0,0,,0,0,0,0,0,0,0,0,0,0,,0,0,0,0,0,0,0,,0,0,,0,0,0,0,0,0,0,,0,0,0,,0,,0,0,0,0,0,0,0,,,0,0,0,0,,0,0,0,,0,0,0,0,0,0,0,,,0,0,0,0,,0,0,0,0,0,0,,0,0,0,0,0,0,0,0,0,0,0,0,0,0,0,0,0,0,,0,0,0,0,0,,0,0,,0,260,0,,0,0,0,,,0,0,
"Qatar",0,0,,,,0,0,0,,0,0,0,,,0,0,0,0,0,0,,,0,0,0,0,,0,0,0,0,0,,0,,,,0,0,0,0,0,0,0,0,,0,0,0,0,0,0,0,207,0,,0,0,,0,0,0,,0,0,0,0,0,0,0,,0,0,0,0,0,0,0,0,0,1180,0,115,,0,0,0,0,0,0,0,0,0,0,,0,0,0,0,0,0,0,,0,0,,0,0,0,0,0,0,0,,0,0,0,,0,,0,0,0,0,0,1125,0,,,0,0,0,0,,0,0,557,,0,0,0,0,515,0,0,,,0,0,0,0,,0,0,0,0,0,0,,0,0,0,0,0,167,0,0,0,0,0,0,0,0,0,0,0,0,,0,0,0,0,0,,0,0,,0,0,0,,0,0,0,,,0,0,
"Romania",0,0,,,,0,0,0,,0,0,0,,,0,0,0,0,0,0,,,0,0,0,0,,23,0,0,0,0,,0,,,,0,9,0,0,0,0,0,3,,0,0,0,0,0,0,0,0,0,,0,0,,0,0,0,,0,0,0,8,0,7,0,,0,0,0,0,0,0,0,27,0,0,0,0,,0,0,2,0,0,0,0,0,0,0,,0,0,0,10,0,0,0,,0,0,,0,0,0,0,0,0,0,,0,0,0,,58,,0,0,0,0,0,0,0,,,0,0,0,0,,0,0,0,,0,0,0,0,0,0,0,,,0,4,0,0,,0,0,0,0,0,0,,0,0,0,0,0,0,0,0,0,0,0,0,0,0,9,0,0,0,,0,0,0,0,1,,0,10,,0,2,0,,0,0,0,,,0,0,
"Russian Federation",0,0,,,,0,0,436,,0,0,899,,,0,0,208,0,0,0,,,0,0,0,0,,0,0,0,0,0,,0,,,,0,0,0,0,0,0,0,0,,0,0,0,0,0,0,0,0,0,,130,0,,0,0,0,,0,0,491,0,0,0,0,,0,0,0,0,0,0,0,0,0,0,0,0,,0,0,0,0,0,0,93,0,0,0,,792,0,223,0,0,0,0,,226,0,,0,0,0,0,0,0,0,,0,0,0,,437,,0,0,0,0,0,0,0,,,0,0,0,0,,0,0,0,,0,0,0,0,0,0,0,,,0,0,0,0,,0,0,0,0,0,0,,0,0,0,0,0,0,0,0,0,0,0,0,0,0,0,1216,0,0,,0,0,0,0,0,,0,2720,,0,0,0,,0,0,0,,,0,0,
"Rwanda",0,0,,,,0,0,0,,0,0,0,,,0,0,0,56,0,0,,,0,0,0,0,,0,0,0,0,0,,0,,,,0,0,0,0,0,0,0,0,,0,0,0,0,0,0,0,0,0,,0,0,,0,0,0,,0,0,0,0,0,0,0,,0,0,0,0,0,0,0,0,0,5,0,0,,0,0,0,0,0,0,0,0,0,0,,0,0,0,0,0,0,0,,0,0,,0,0,0,0,0,0,0,,0,0,0,,0,,0,0,0,0,0,0,0,,,0,0,0,0,,0,0,0,,0,0,0,0,0,0,0,,,0,0,0,0,,0,0,0,0,0,0,,0,0,0,0,0,0,0,0,0,0,0,0,0,0,0,0,0,0,,0,0,0,0,0,,11,0,,0,0,0,,0,0,0,,,0,0,
"Samoa",0,0,,,,0,0,0,,6,0,0,,,0,0,0,0,0,0,,,0,0,0,0,,0,0,0,0,0,,0,,,,0,0,0,0,0,0,0,0,,0,0,0,0,0,0,0,0,0,,0,0,,0,0,0,,0,0,0,0,0,0,0,,0,0,0,0,0,0,0,0,0,0,0,0,,0,0,0,0,0,0,0,0,0,0,,0,0,0,0,0,0,0,,0,0,,0,0,0,0,0,0,0,,0,0,0,,0,,0,0,0,0,0,0,0,,,3,0,0,0,,0,0,0,,0,0,0,0,0,0,0,,,0,0,0,0,,0,0,0,0,0,0,,0,0,0,0,0,0,0,0,0,0,0,0,0,0,0,0,0,0,,0,0,0,0,0,,0,0,,0,1,0,,0,0,0,,,0,0,
"San Marino",0,0,,,,0,0,0,,0,0,0,,,0,0,0,0,0,0,,,0,0,0,0,,0,0,0,0,0,,0,,,,0,0,0,0,0,0,0,0,,0,0,0,0,0,0,0,0,0,,0,0,,0,0,0,,0,0,0,0,0,0,0,,0,0,0,0,0,0,0,0,0,0,0,0,,0,0,11,0,0,0,0,0,0,0,,0,0,0,0,0,0,0,,0,0,,0,0,0,0,0,0,0,,0,0,0,,0,,0,0,0,0,0,0,0,,,0,0,0,0,,0,0,0,,0,0,0,0,0,0,0,,,0,0,0,0,,0,0,0,0,0,0,,0,0,0,0,0,0,0,0,0,0,0,0,0,0,0,0,0,0,,0,0,0,0,0,,0,0,,0,0,0,,0,0,0,,,0,0,
"Sao Tome and Principe",0,0,,,,0,0,0,,0,0,0,,,0,0,0,0,0,0,,,0,0,0,0,,0,0,0,0,0,,1,,,,0,0,0,0,0,0,0,0,,0,0,0,0,0,0,0,0,0,,0,0,,0,0,0,,0,0,0,0,0,0,0,,0,0,0,0,0,0,0,0,0,0,0,0,,0,0,0,0,0,0,0,0,0,0,,0,0,0,0,0,0,0,,0,0,,0,0,0,0,0,0,0,,0,0,0,,0,,0,0,0,0,0,0,0,,,0,0,0,0,,0,0,0,,0,0,0,0,0,0,1,,,0,0,0,0,,0,0,0,0,0,0,,0,0,0,0,0,0,0,0,0,0,0,0,0,0,0,0,0,0,,0,0,0,0,0,,0,0,,0,0,0,,0,0,0,,,0,0,
"Saudi Arabia",0,0,,,,0,0,0,,0,0,0,,,1249,0,0,0,0,0,,,0,0,0,0,,0,0,0,0,0,,0,,,,0,0,0,0,0,0,0,0,,0,0,0,0,0,0,0,1994,0,,0,13,,0,0,0,,0,0,0,0,0,0,0,,0,0,0,0,0,0,0,0,0,5258,777,0,,0,0,0,0,0,918,0,0,0,0,,0,0,0,608,0,0,0,,0,0,,0,0,0,0,0,0,0,,0,0,0,,0,,0,31,0,0,0,84,0,,,0,0,0,119,,0,0,1716,,0,0,0,0,1866,0,0,,,0,0,0,0,,0,0,0,0,0,0,,0,0,0,0,0,614,0,0,0,1025,0,0,0,0,155,0,0,42,,0,0,0,28,16,,0,0,,50,47,0,,0,0,0,,,1039,0,
"Senegal",0,0,,,,0,0,0,,0,0,0,,,0,0,0,0,0,0,,,0,0,0,0,,0,0,0,0,0,,5,,,,0,0,0,0,0,0,0,0,,0,0,0,0,0,0,0,0,0,,0,0,,0,0,157,,0,1,0,0,0,0,0,,0,7,2,0,0,0,0,0,0,0,0,0,,0,0,0,0,0,0,0,0,0,0,,0,0,0,6,0,0,0,,0,0,,0,0,0,0,0,5,0,,0,0,0,,0,,0,4,0,0,0,0,0,,,0,0,0,0,,0,0,0,,0,0,0,0,0,0,0,,,0,0,0,0,,0,0,0,0,0,0,,0,0,0,0,0,0,0,0,0,0,0,0,0,0,1,0,0,0,,0,0,0,0,0,,0,0,,0,1,0,,0,0,0,,,0,0,
"Serbia",0,0,,,,0,0,0,,0,0,0,,,0,0,0,0,0,0,,,0,0,0,0,,0,0,0,0,0,,0,,,,0,0,0,0,0,0,0,0,,0,0,0,0,0,0,0,0,0,,0,0,,0,0,0,,0,0,0,0,0,0,0,,0,0,0,0,0,0,0,0,0,0,0,0,,0,0,0,0,0,0,0,0,0,0,,0,0,0,0,0,0,0,,0,0,,0,0,0,0,0,0,0,,0,0,0,,0,,0,0,0,0,0,0,0,,,0,0,0,0,,0,0,0,,0,0,0,0,0,0,0,,,0,0,0,0,,0,0,0,0,0,0,,0,0,0,0,0,0,0,0,0,0,0,0,0,0,0,0,0,0,,0,0,0,0,0,,0,0,,0,0,0,,0,0,0,,,0,0,
"Seychelles",0,0,,,,0,0,0,,0,0,0,,,0,0,0,0,0,0,,,0,0,0,0,,0,0,0,0,0,,0,,,,0,0,0,0,0,0,0,0,,0,0,0,0,0,0,0,0,0,,0,0,,0,0,0,,0,0,0,0,0,0,0,,0,0,0,0,0,0,0,0,0,0,0,0,,0,0,0,0,0,0,0,0,0,0,,0,0,0,0,0,0,0,,0,0,,0,0,0,0,0,0,0,,0,0,0,,0,,0,0,0,0,0,0,0,,,0,0,0,0,,0,0,0,,0,0,0,0,0,0,0,,,0,0,0,0,,0,0,0,0,0,0,,0,0,0,0,0,0,0,0,0,0,0,0,0,0,0,0,0,0,,0,0,0,0,0,,0,0,,0,0,0,,0,0,0,,,0,0,
"Sierra Leone",0,0,,,,0,0,0,,0,0,0,,,0,0,0,0,0,0,,,0,0,0,0,,0,0,0,0,0,,0,,,,0,0,0,0,0,0,0,0,,0,0,0,0,0,0,0,0,0,,0,0,,0,0,0,,0,0,0,0,0,0,0,,0,4,0,0,0,0,0,0,0,1,0,0,,0,0,0,0,0,0,0,0,0,0,,0,0,0,9,0,1,0,,0,0,,0,0,0,0,0,0,0,,0,0,0,,0,,0,0,0,0,0,0,0,,,0,0,0,10,,0,0,0,,0,0,0,0,0,0,0,,,0,0,0,0,,0,0,1,0,0,0,,0,0,0,0,0,0,0,0,0,0,0,0,0,0,0,0,0,0,,0,0,0,0,0,,0,0,,1,1,0,,0,0,0,,,0,0,
"Singapore",0,0,,,,0,0,0,,0,0,0,,,112,0,0,0,0,0,,,0,0,0,0,,0,0,0,0,0,,0,,,,0,3243,0,0,0,0,0,0,,0,0,0,0,0,0,0,0,0,,0,0,,0,0,0,,0,0,0,0,0,0,0,,0,0,0,0,0,0,1,0,0,1006,425,0,,0,0,0,0,0,0,0,0,0,0,,0,0,0,0,0,0,0,,0,0,,0,0,0,1132,0,0,0,,0,0,0,,0,,0,0,0,0,0,0,0,,,0,0,0,0,,0,0,69,,0,0,0,0,0,0,0,,,0,0,0,0,,0,0,0,0,0,0,,0,0,0,0,0,7,0,0,0,0,0,0,0,0,0,0,0,0,,0,0,0,0,0,,0,0,,0,14,0,,0,0,0,,,0,0,
"Slovak Republic",0,0,,,,0,0,0,,3,14,0,,,0,0,0,13,0,0,,,0,0,0,0,,1,0,0,0,0,,0,,,,0,5,0,0,0,0,0,1,,0,215,0,0,0,0,0,0,0,,0,0,,0,0,19,,0,0,0,10,0,1,0,,0,0,0,0,0,0,0,69,0,1,0,0,,0,1,1,0,0,1,0,0,0,0,,0,0,0,1,0,0,0,,0,0,,2,0,0,0,0,0,0,,0,0,0,,0,,0,0,0,0,0,0,1,,,0,0,0,0,,0,0,0,,0,0,0,0,0,12,0,,,4,2,0,0,,0,0,0,0,0,0,,0,0,0,0,2,0,0,0,0,0,0,0,0,3,0,0,0,0,,0,0,0,0,0,,0,7,,2,3,0,,0,0,3,,,0,0,
"Slovenia",0,0,,,,0,0,0,,0,5,0,,,0,0,0,1,0,0,,,0,118,0,0,,0,0,0,0,0,,0,,,,0,0,0,0,0,0,0,50,,0,1,0,0,0,0,0,0,0,,0,0,,0,0,3,,0,0,0,5,0,0,0,,0,0,0,0,0,0,0,1,0,0,0,0,,0,0,1,0,0,0,0,0,0,0,,0,0,0,0,0,0,0,,0,0,,13,0,0,0,0,0,0,,0,0,0,,0,,0,0,0,0,0,0,1,,,0,0,0,0,,0,0,0,,0,0,0,0,0,1,0,,,1,1,0,0,,0,0,0,0,0,0,,0,0,0,0,0,0,0,0,0,0,0,0,0,1,0,0,0,0,,0,0,0,0,0,,0,2,,0,0,0,,0,0,0,,,0,0,
"Solomon Islands",0,0,,,,0,0,0,,6,0,0,,,0,0,0,0,0,0,,,0,0,0,0,,0,0,0,0,0,,0,,,,0,2,0,0,0,0,0,0,,0,0,0,0,0,0,0,0,0,,0,0,,0,0,0,,0,0,0,0,0,0,0,,0,0,0,0,0,0,0,0,0,0,0,0,,0,0,0,0,0,0,0,0,1,0,,0,0,0,0,0,0,0,,0,0,,0,0,0,0,0,0,0,,0,0,0,,0,,0,0,0,0,0,0,0,,,0,0,0,0,,0,0,0,,0,0,0,0,1,0,0,,,0,0,0,0,,0,0,0,0,0,0,,0,0,0,0,0,0,0,0,0,0,0,0,0,0,0,0,0,0,,0,0,0,0,0,,0,0,,0,0,0,,0,0,0,,,0,0,
"South Africa",0,0,,,,0,0,0,,26,0,0,,,0,0,0,0,0,0,,,0,0,78,0,,0,0,0,0,0,,0,,,,0,0,0,0,0,0,0,0,,0,0,0,0,0,0,0,0,0,,0,0,,0,0,0,,0,0,0,0,0,0,0,,0,0,0,0,0,0,0,0,0,0,0,0,,0,0,0,0,0,0,0,0,0,0,,0,0,0,0,457,0,0,,0,0,,0,0,0,0,0,0,0,,0,0,0,,0,,0,0,52,0,0,0,0,,,1,0,0,0,,0,0,0,,0,0,0,0,0,0,0,,,0,0,0,0,,0,0,0,0,0,0,,0,0,0,0,0,0,0,0,0,0,0,100,0,0,0,0,0,0,,0,0,0,0,0,,0,0,,0,0,0,,0,0,0,,,0,0,
"Spain",2,99,,,,0,246,16,,61,59,1,,,43,0,1,1225,0,1,,,507,4,0,503,,259,0,0,0,4,,4,,,,1,893,744,0,0,16,1,4,,0,33,50,0,0,397,1113,12,21,,3,1,,0,35,2302,,0,20,12,885,3,7,0,,30,5,3,0,1,115,0,42,1,192,10,5,,14,4,90,1,15,16,0,8,0,5,,0,0,7,42,0,0,0,,68,49,,0,0,0,1,0,24,0,,0,1,85,,45,,1,1572,1,0,0,6,237,,,1,17,0,493,,69,0,152,,7,0,121,427,183,246,252,,,1312,36,1,0,,0,1,149,0,0,1,,27,2,0,3,0,2,0,0,0,4,0,0,60,391,10,0,0,4,,1,0,0,8,1,,0,97,,641,50,31,,0,41,6,,,0,0,
"Sri Lanka",0,0,,,,0,0,0,,4,0,0,,,0,0,0,0,0,0,,,0,0,0,0,,0,0,0,0,0,,0,,,,0,1,0,0,0,0,0,0,,0,0,0,0,0,0,0,0,0,,0,0,,0,0,4,,0,0,0,1,0,0,0,,0,0,0,0,0,0,0,0,0,712,0,0,,0,0,0,0,0,0,0,0,0,0,,0,0,0,0,0,0,0,,0,0,,0,0,0,0,0,0,0,,0,0,0,,0,,0,0,0,0,0,0,0,,,0,0,0,0,,0,0,0,,0,0,0,0,0,0,0,,,0,0,0,0,,0,0,0,0,0,0,,0,0,0,0,0,0,0,0,0,0,0,0,1,0,0,0,0,0,,0,0,0,0,0,,0,0,,1,0,0,,0,0,0,,,0,0,
"St. Kitts and Nevis",0,0,,,,0,0,0,,0,0,0,,,0,0,0,0,0,0,,,0,0,0,0,,0,0,0,0,0,,0,,,,0,0,0,0,0,0,0,0,,0,0,0,0,0,1,0,0,0,,0,0,,0,0,0,,0,0,0,0,0,0,0,,0,0,0,0,0,0,0,0,0,0,0,0,,0,0,0,0,0,0,0,0,0,0,,0,0,0,0,0,0,0,,0,0,,0,0,0,0,0,0,0,,0,0,0,,0,,0,0,0,0,0,0,0,,,0,0,0,0,,0,0,0,,0,0,0,0,0,0,0,,,0,0,0,0,,0,0,0,0,0,0,,0,0,0,0,0,0,0,0,0,0,0,0,0,0,0,0,0,0,,0,0,0,0,0,,0,0,,0,1,0,,0,0,0,,,0,0,
"St. Lucia",0,0,,,,0,0,0,,0,0,0,,,0,2,0,0,0,0,,,0,0,0,0,,0,0,0,0,0,,0,,,,0,0,0,0,0,0,0,0,,0,0,0,0,0,0,0,0,0,,0,0,,0,0,0,,0,0,0,0,0,0,0,,0,0,0,0,0,0,0,0,0,0,0,0,,0,0,0,0,0,0,0,0,0,0,,0,0,0,0,0,0,0,,0,0,,0,0,0,0,0,0,0,,0,0,0,,0,,0,0,0,0,0,0,0,,,0,0,0,0,,0,0,0,,0,0,0,0,0,0,0,,,0,0,0,0,,0,0,0,0,0,0,,0,0,0,0,0,0,0,0,0,0,0,0,0,0,0,0,0,0,,0,0,0,0,0,,0,0,,3,1,0,,0,0,0,,,0,0,
"St. Vincent and the Grenadines",0,0,,,,0,0,0,,0,0,0,,,0,1,0,0,0,0,,,0,0,0,0,,0,0,0,0,0,,0,,,,0,0,0,0,0,0,0,0,,0,0,0,0,0,0,0,0,0,,0,0,,0,0,0,,0,0,0,0,0,0,0,,0,0,0,0,0,0,0,0,0,0,0,0,,0,0,0,0,0,0,0,0,0,0,,0,0,0,0,0,0,0,,0,0,,0,0,0,0,0,0,0,,0,0,0,,0,,0,0,0,0,0,0,0,,,0,0,0,0,,0,0,0,,0,0,0,0,0,0,0,,,0,0,0,0,,0,0,0,0,0,0,,0,0,0,0,0,0,0,0,0,0,0,0,0,0,0,0,0,0,,0,0,1,0,0,,0,0,,1,1,0,,0,0,0,,,0,0,
"Sudan",0,0,,,,0,0,0,,0,0,0,,,0,0,0,0,0,0,,,0,0,0,0,,0,0,0,0,0,,0,,,,0,2,0,0,0,0,0,0,,0,0,0,0,0,0,0,17,0,,0,26,,0,0,1,,0,0,0,1,0,0,0,,0,0,0,0,0,0,0,0,0,6,0,0,,0,0,0,0,0,2,0,0,0,0,,0,0,0,2,0,0,0,,0,0,,0,0,0,0,0,0,0,,0,0,0,,0,,0,1,0,0,0,0,0,,,0,0,0,152,,0,0,0,,0,0,0,0,0,0,0,,,0,0,0,0,,0,1,0,0,0,0,,0,0,0,0,0,0,0,0,0,0,0,0,0,0,1,0,0,0,,0,0,0,1,0,,0,0,,1,1,0,,0,0,0,,,3,0,
"Suriname",0,0,,,,0,0,0,,0,0,0,,,0,0,0,0,0,0,,,0,0,0,17,,0,0,0,0,0,,0,,,,0,18,0,0,0,0,0,0,,0,0,0,0,0,0,0,0,0,,0,0,,0,0,29,,0,0,0,0,0,0,0,,0,0,0,4,1,0,0,0,0,0,0,0,,0,0,0,0,0,0,0,0,0,0,,0,0,0,0,0,0,0,,0,0,,0,0,0,0,0,0,0,,0,0,0,,0,,0,0,0,0,0,0,42,,,0,0,0,0,,0,0,0,,0,0,0,0,0,0,0,,,0,0,0,0,,0,0,0,0,0,0,,0,0,0,0,0,0,0,0,0,0,0,0,0,0,0,0,0,0,,0,0,0,0,0,,0,0,,0,0,0,,0,0,0,,,0,0,
"Swaziland",0,0,,,,0,0,0,,0,0,0,,,0,0,0,0,0,0,,,0,0,0,0,,0,0,0,0,0,,0,,,,0,0,0,0,0,0,0,0,,0,0,0,0,0,0,0,0,0,,0,0,,0,0,0,,0,0,0,0,0,0,0,,0,0,0,0,0,0,0,0,0,0,0,0,,0,0,0,0,0,0,0,0,0,0,,0,0,0,0,0,0,0,,0,0,,0,0,0,0,0,0,0,,0,0,0,,0,,0,0,2,0,0,0,0,,,0,0,0,0,,0,0,0,,0,0,0,0,0,0,0,,,0,0,0,0,,0,0,0,0,0,0,,0,0,0,9,0,0,0,0,0,0,0,0,0,0,0,0,0,0,,0,0,0,0,0,,0,0,,0,0,0,,0,0,0,,,0,0,
"Sweden",1,4,,,,0,3,1,,30,40,1,,,25,0,0,38,0,0,,,7,100,0,16,,8,0,0,1,0,,0,,,,0,117,21,0,0,2,0,14,,1,20,179,0,0,1,4,9,8,,33,13,,0,500,68,,0,5,0,157,0,20,0,,4,0,0,0,0,1,0,83,3,108,10,56,,1,3,8,1,8,12,0,10,0,14,,1,0,10,316,0,0,0,,6,5,,4,0,0,1,0,0,0,,0,0,3,,1,,1,14,0,0,0,2,26,,,1,1,0,17,,169,0,15,,0,0,0,16,45,184,5,,,28,9,0,0,,0,2,1,0,0,0,,14,2,0,2,50,19,0,0,0,7,0,0,0,16,42,1,0,62,,1,0,0,12,9,,11,4,,31,21,1,,0,0,49,,,1,0,
"Switzerland",2,14,,,,0,5,1,,39,354,0,,,7,0,0,287,0,0,,,4,103,0,62,,6,0,0,3,3,,2,,,,0,69,16,0,0,3,1,60,,0,46,17,0,0,23,5,19,2,,1,3,,0,12,1052,,0,0,1,696,1,13,0,,4,0,0,0,3,2,0,83,0,84,15,6,,1,3,268,1,13,3,0,14,0,3,,0,0,1,64,1,0,0,,2,48,,53,0,0,2,0,0,0,,0,4,7,,1,,2,29,0,0,0,6,80,,,1,1,0,32,,7,0,10,,1,0,1,18,65,39,200,,,15,5,1,0,,0,1,5,0,0,0,,15,11,0,8,546,81,0,0,0,5,0,0,20,0,4,0,0,33,,2,0,0,25,17,,2,3,,47,33,0,,0,1,42,,,1,0,
"Syrian Arab Republic",0,0,,,,0,0,0,,0,0,0,,,0,0,0,0,0,0,,,0,0,0,0,,0,0,0,0,0,,0,,,,0,0,0,0,0,0,0,0,,0,0,0,0,0,0,0,0,0,,0,0,,0,0,0,,0,0,0,0,0,0,0,,0,0,0,0,0,0,0,0,0,0,0,0,,0,0,0,0,0,0,0,0,0,0,,0,0,0,0,0,0,0,,0,0,,0,0,0,0,0,0,0,,0,0,0,,0,,0,0,0,0,0,0,0,,,0,0,0,0,,0,0,0,,0,0,0,0,0,0,0,,,0,0,0,0,,0,0,0,0,0,0,,0,0,0,0,0,0,0,0,0,0,0,0,0,0,0,0,0,0,,0,0,0,0,0,,0,0,,0,0,0,,0,0,0,,,0,0,
"Tajikistan",0,0,,,,0,0,0,,0,0,0,,,0,0,0,0,0,0,,,0,0,0,0,,0,0,0,0,0,,0,,,,0,0,0,0,0,0,0,0,,0,0,0,0,0,0,0,0,0,,0,0,,0,0,0,,0,0,0,0,0,0,0,,0,0,0,0,0,0,0,0,0,0,0,0,,0,0,0,0,0,0,0,0,0,0,,3,0,0,0,0,0,0,,0,0,,0,0,0,0,0,0,0,,0,0,0,,0,,0,0,0,0,0,0,0,,,0,0,0,0,,0,0,0,,0,0,0,0,0,0,0,,,0,93,0,0,,0,0,0,0,0,0,,0,0,0,0,0,0,0,0,0,0,0,0,0,0,0,0,0,0,,0,0,0,0,0,,0,0,,0,0,0,,0,0,0,,,0,0,
"Tanzania",0,0,,,,0,0,0,,0,0,0,,,0,0,0,0,0,0,,,0,0,1,0,,0,0,1,0,0,,0,,,,0,0,0,0,3,0,0,0,,0,0,2,0,0,0,0,0,0,,0,0,,0,1,0,,0,0,0,10,0,0,0,,0,0,0,0,0,0,0,0,0,32,0,0,,0,0,1,0,0,0,0,116,0,0,,0,0,0,0,0,0,0,,0,0,,0,0,0,0,0,0,0,,0,1,0,,0,,0,0,7,0,1,0,0,,,0,0,0,0,,0,0,1,,0,0,0,0,0,0,0,,,0,0,10,0,,0,0,0,0,1,0,,0,0,0,1,0,0,0,0,0,0,0,0,2,0,0,0,0,0,,0,0,0,0,0,,16,0,,4,4,0,,0,0,0,,,0,9,
"Thailand",0,0,,,,0,0,0,,41,0,0,,,9,0,0,0,0,0,,,0,0,0,0,,0,0,0,18,0,,0,,,,0,1490,0,0,0,0,0,0,,0,0,4,0,0,0,0,0,0,,0,0,,0,0,33,,0,0,0,22,0,0,0,,0,0,0,0,0,0,0,0,0,60,3,0,,0,0,2,0,65,0,0,0,0,4,,0,0,0,0,0,0,0,,0,0,,0,0,0,3,0,0,0,,0,0,0,,0,,0,0,0,56,0,97,4,,,7,0,0,0,,8,0,9,,0,0,0,0,8,0,1,,,0,0,0,0,,0,0,0,0,0,0,,0,0,0,0,0,33,0,0,0,0,0,0,4,14,0,0,0,0,,0,0,0,0,0,,0,0,,13,15,0,,0,0,28,,,0,0,
"Timor-Leste",0,0,,,,0,0,0,,2,0,0,,,0,0,0,0,0,0,,,0,0,0,0,,0,0,0,0,0,,0,,,,0,0,0,0,0,0,0,0,,0,0,0,0,0,0,0,0,0,,0,0,,0,0,0,,0,0,0,0,0,0,0,,0,0,0,0,0,0,0,0,0,0,24,0,,0,0,0,0,0,0,0,0,0,0,,0,0,0,0,0,0,0,,0,0,,0,0,0,0,0,0,0,,0,0,0,,0,,0,0,0,0,0,0,0,,,0,0,0,0,,0,0,0,,0,0,0,0,1,0,0,,,0,0,0,0,,0,0,0,0,0,0,,0,0,0,0,0,0,0,0,0,0,0,0,0,0,0,0,0,0,,0,0,0,0,0,,0,0,,0,0,0,,0,0,0,,,0,0,
"Togo",0,0,,,,0,0,0,,0,0,0,,,0,0,0,0,0,24,,,0,0,0,0,,0,0,0,0,0,,0,,,,0,0,0,0,0,0,0,0,,0,0,0,0,0,0,0,0,0,,0,0,,0,0,58,,0,0,0,3,2,0,0,,0,0,0,0,0,0,0,0,0,0,0,0,,0,0,0,0,0,0,0,0,0,0,,0,0,0,8,0,0,0,,0,0,,0,0,0,0,0,1,0,,0,0,0,,0,,0,0,0,0,0,0,0,,,0,0,2,81,,0,0,0,,0,0,0,0,0,0,0,,,0,0,0,0,,0,0,0,0,0,0,,0,0,0,0,0,0,0,0,0,0,0,0,0,0,0,0,0,0,,0,0,0,0,0,,0,0,,0,1,0,,0,0,0,,,0,0,
"Tonga",0,0,,,,0,0,0,,0,0,0,,,0,0,0,0,0,0,,,0,0,0,0,,0,0,0,0,0,,0,,,,0,0,0,0,0,0,0,0,,0,0,0,0,0,0,0,0,0,,0,0,,0,0,0,,0,0,0,0,0,0,0,,0,0,0,0,0,0,0,0,0,0,0,0,,0,0,0,0,0,0,0,0,0,0,,0,0,0,0,0,0,0,,0,0,,0,0,0,0,0,0,0,,0,0,0,,0,,0,0,0,0,0,0,0,,,0,0,0,0,,0,0,0,,0,0,0,0,0,0,0,,,0,0,0,0,,0,0,0,0,0,0,,0,0,0,0,0,0,0,0,0,0,0,0,0,0,0,0,0,0,,0,0,0,0,0,,0,0,,0,0,0,,0,0,0,,,0,0,
"Trinidad and Tobago",0,0,,,,0,0,0,,0,0,0,,,0,2,0,0,0,0,,,0,0,0,0,,0,0,0,0,0,,0,,,,0,0,0,0,0,0,0,0,,0,0,0,0,0,0,0,0,0,,0,0,,0,0,0,,0,0,0,0,0,0,7,,0,0,0,2,0,0,0,0,0,2,0,0,,0,0,0,0,0,0,0,0,0,0,,0,0,0,0,0,0,0,,0,0,,0,0,0,0,0,0,0,,0,0,0,,0,,0,0,0,0,0,0,0,,,0,0,0,0,,0,0,0,,0,0,0,0,0,0,0,,,0,0,0,0,,0,0,0,0,0,0,,0,0,0,0,0,0,0,1,5,0,0,0,0,0,0,0,0,0,,0,0,0,0,0,,0,0,,3,4,0,,0,0,0,,,0,0,
"Tunisia",0,12,,,,0,0,0,,0,0,0,,,0,0,0,0,0,0,,,0,0,0,0,,0,0,0,0,0,,0,,,,0,0,0,0,0,0,0,0,,0,0,0,0,0,0,0,0,0,,0,0,,0,0,31,,0,0,0,0,0,0,0,,0,0,0,0,0,0,0,0,0,0,0,0,,0,0,1,0,0,0,0,0,0,0,,0,0,0,0,0,0,0,,0,0,,0,0,0,0,0,0,0,,0,0,0,,0,,0,8,0,0,0,0,0,,,0,0,0,0,,0,0,0,,0,0,0,0,0,0,0,,,0,0,0,0,,0,0,0,0,0,0,,0,0,0,0,0,0,0,0,0,0,0,0,0,0,0,0,0,0,,0,0,0,0,0,,0,0,,0,0,0,,0,0,0,,,0,0,
"Turkey",2,1,,,,0,0,1,,32,89,20,,,1,0,0,224,0,0,,,0,3,0,1,,642,0,0,0,0,,0,,,,0,7,0,0,0,0,0,0,,11,4,14,0,0,0,0,2,0,,0,0,,0,5,164,,0,0,6,994,0,112,0,,0,0,0,0,0,0,0,3,0,2,1,9,,1,4,3,0,5,5,0,0,0,1,,3,0,0,13,0,0,0,,1,2,,24,0,0,0,0,0,0,,0,0,0,,4,,1,1,0,0,0,0,100,,,0,0,0,2,,14,0,2,,0,0,0,0,2,9,0,,,31,11,0,0,,0,6,0,0,0,0,,1,0,0,0,10,0,0,0,0,1,0,0,15,60,8,1,0,0,,0,0,0,1,0,,0,3,,33,20,0,,0,0,0,,,0,0,
"Turkmenistan",0,0,,,,0,0,5,,0,0,7,,,0,0,0,0,0,0,,,0,0,0,0,,0,0,0,0,0,,0,,,,0,0,0,0,0,0,0,0,,0,0,0,0,0,0,0,0,0,,0,0,,0,0,0,,0,0,0,0,0,0,0,,0,0,0,0,0,0,0,0,0,0,0,0,,0,0,0,0,0,0,1,0,0,0,,0,0,0,0,0,0,0,,0,0,,0,0,0,0,0,0,0,,0,0,0,,0,,0,0,0,0,0,0,0,,,0,0,0,0,,0,0,0,,0,0,0,0,0,0,0,,,0,31,0,0,,0,0,0,0,0,0,,0,0,0,0,0,0,0,0,0,0,0,0,0,0,0,0,0,0,,0,0,0,0,0,,0,3,,0,0,0,,0,0,0,,,0,0,
"Uganda",0,0,,,,0,0,0,,2,0,0,,,0,0,0,0,0,0,,,0,0,0,0,,0,0,1,0,0,,0,,,,0,0,0,0,0,0,0,0,,0,0,0,0,0,0,0,0,0,,0,0,,0,0,0,,0,0,0,0,0,0,0,,0,0,0,0,0,0,0,0,0,0,0,0,,0,0,0,0,0,0,0,52,0,0,,0,0,0,0,0,0,0,,0,0,,0,0,0,0,0,0,0,,0,0,0,,0,,0,0,0,0,0,0,0,,,0,0,0,0,,0,0,0,,0,0,0,0,0,0,0,,,0,0,25,0,,0,0,0,0,0,0,,0,0,0,0,0,0,0,0,0,407,0,0,0,0,0,0,2,0,,0,0,0,0,0,,0,0,,4,2,0,,0,0,0,,,0,0,
"Ukraine",0,0,,,,0,0,37,,0,0,87,,,0,0,55,0,0,0,,,0,0,0,0,,0,0,0,0,0,,0,,,,0,0,0,0,0,0,0,0,,0,0,0,0,0,0,0,0,0,,0,0,,0,0,0,,0,0,43,0,0,0,0,,0,0,0,0,0,0,0,0,0,0,0,0,,0,0,0,0,0,0,8,0,0,0,,33,0,0,0,0,0,0,,0,0,,0,0,0,0,0,0,0,,0,0,0,,191,,0,0,0,0,0,0,0,,,0,0,0,0,,0,0,0,,0,0,0,0,0,0,0,,,0,1788,0,0,,0,0,0,0,0,0,,0,0,0,0,0,0,0,0,0,0,0,0,0,0,0,66,0,0,,0,0,0,0,0,,0,0,,0,0,0,,0,0,0,,,0,0,
"United Arab Emirates",0,0,,,,0,0,0,,0,0,0,,,544,0,0,0,0,0,,,0,0,0,0,,0,0,0,0,0,,0,,,,0,0,0,0,0,0,0,0,,0,0,0,0,0,0,0,409,0,,0,0,,0,0,0,,0,0,0,0,0,0,0,,0,0,0,0,0,0,0,0,0,13821,0,36,,0,0,0,0,0,0,0,0,0,0,,0,0,0,0,0,0,0,,0,0,,0,0,0,0,0,0,0,,0,0,0,,0,,0,0,0,0,0,0,0,,,0,0,0,0,,0,0,1354,,0,0,0,0,634,0,0,,,0,0,0,0,,0,0,0,0,0,0,,0,0,0,0,0,385,0,0,0,182,0,0,0,0,0,0,0,0,,0,0,0,0,0,,0,0,,0,0,0,,0,0,0,,,122,0,
"United Kingdom",3,25,,,,3,7,1,,1191,122,1,,,1114,43,0,522,3,0,,,3,14,7,181,,54,0,0,1,3,,0,,,,0,646,33,0,0,2,1,19,,66,85,68,1,3,2,9,81,2,,6,9,,3,40,1167,,0,6,1,972,23,48,11,,3,0,0,15,0,2,48,134,1,4087,36,55,,355,19,103,307,79,29,0,731,0,15,,1,0,67,193,1,1,2,,206,48,,2,0,0,69,1,0,12,,0,63,12,,2,,3,26,1,8,2,289,231,,,58,0,0,2024,,63,7,1326,,1,0,1,13,592,1497,137,,,88,20,4,0,,0,31,3,0,4,11,,164,4,0,277,523,267,12,8,8,84,0,1,54,80,11,1,5,74,,2,0,8,12,16,,176,29,,0,236,0,,0,1,77,,,33,23,
"United States",85,13,,,,12,132,116,,761,300,15,,,933,79,10,797,74,2,,,161,209,5,1137,,55,0,0,179,22,,20,,,,1,12205,1346,0,1,443,4,97,,11,113,117,1,16,2651,1017,426,3296,,28,148,,31,36,1481,,0,11,34,2154,31,268,31,,3862,4,0,180,1055,2363,111,457,7,11977,400,336,,115,211,394,1371,850,563,1,476,2,1403,,12,1,78,1706,2,32,2,,88,99,,8,0,0,62,0,5,5,,0,3,22190,,78,,26,197,1,49,1,428,358,,,21,443,2,3279,,96,5,986,,147,1,47,1017,10117,1468,297,,,301,268,4,31,,0,58,59,1016,1,10,,87,17,0,107,626,92,17,11,7,271,0,1,106,160,150,27,1,529,,11,28,71,28,25,,87,426,,1127,0,16,,0,46,4186,,,135,6,
"Uruguay",0,0,,,,0,14,0,,3,1,0,,,0,0,0,4,0,0,,,0,0,0,30,,0,0,0,0,0,,0,,,,0,0,0,0,0,0,0,0,,0,0,0,0,0,0,0,0,0,,0,0,,0,0,7,,0,0,0,5,0,0,0,,0,0,0,0,0,0,0,2,0,0,0,0,,0,0,8,0,0,0,0,0,0,0,,0,0,0,4,0,0,0,,1,0,,0,0,0,0,0,0,0,,0,0,0,,0,,0,0,0,0,0,0,0,,,0,0,0,0,,0,0,0,,0,0,1,1,0,3,1,,,1,0,0,0,,0,0,0,0,0,0,,0,0,0,0,136,0,0,0,0,0,0,0,1,1,0,0,0,0,,0,0,0,0,0,,0,0,,1,2,0,,0,0,0,,,0,0,
"Uzbekistan",0,0,,,,0,0,0,,0,0,0,,,0,0,0,0,0,0,,,0,0,0,0,,0,0,0,0,0,,0,,,,0,0,0,0,0,0,0,0,,0,0,0,0,0,0,0,0,0,,0,0,,0,0,0,,0,0,0,0,0,0,0,,0,0,0,0,0,0,0,0,0,0,0,0,,0,0,0,0,0,0,7,0,0,0,,0,0,0,0,0,0,0,,0,0,,0,0,0,0,0,0,0,,0,0,0,,0,,0,0,0,0,0,0,0,,,0,0,0,0,,0,0,0,,0,0,0,0,0,0,0,,,0,196,0,0,,0,0,0,0,0,0,,0,0,0,0,0,0,0,0,0,0,0,0,0,0,0,377,0,0,,0,0,0,0,0,,0,0,,0,0,0,,0,0,0,,,0,0,
"Vanuatu",0,0,,,,0,0,0,,2,0,0,,,0,0,0,0,0,0,,,0,0,0,0,,0,0,0,0,0,,0,,,,0,0,0,0,0,0,0,0,,0,0,0,0,0,0,0,0,0,,0,0,,0,0,2,,0,0,0,0,0,0,0,,0,0,0,0,0,0,0,0,0,0,0,0,,0,0,0,0,0,0,0,0,0,0,,0,0,0,0,0,0,0,,0,0,,0,0,0,0,0,0,0,,0,0,0,,0,,0,0,0,0,0,0,0,,,0,0,0,0,,0,0,0,,0,0,0,0,0,0,0,,,0,0,0,0,,0,0,0,0,0,0,,0,0,0,0,0,0,0,0,0,0,0,0,0,0,0,0,0,0,,0,0,0,0,0,,0,0,,0,0,0,,0,0,0,,,0,0,
"Venezuela, R.B. de",0,0,,,,0,5,0,,1,4,0,,,0,0,0,8,0,0,,,2,0,0,13,,0,0,0,0,0,,0,,,,0,45,971,0,0,4,0,0,,0,0,0,0,0,34,48,0,2,,0,0,,0,0,30,,0,0,0,12,0,1,0,,1,0,0,3,1,1,0,3,0,1,0,0,,0,1,47,0,1,1,0,0,0,0,,0,0,0,62,0,0,0,,0,0,,0,0,0,0,0,0,0,,0,0,4,,0,,0,1,0,0,0,0,2,,,0,2,0,1,,0,0,0,,1,0,0,65,0,2,82,,,1,0,0,0,,0,1,0,0,0,0,,0,0,0,0,551,0,0,0,0,0,0,0,0,3,17,0,0,0,,0,0,1,0,0,,0,0,,0,12,1,,0,0,0,,,0,0,
"Vietnam",0,0,,,,0,0,0,,0,0,0,,,0,0,0,0,0,0,,,0,0,0,0,,0,0,0,0,0,,0,,,,0,0,0,0,0,0,0,0,,0,0,0,0,0,0,0,0,0,,0,0,,0,0,0,,0,0,0,0,0,0,0,,0,0,0,0,0,0,0,0,0,0,0,0,,0,0,0,0,0,0,0,0,0,0,,0,0,0,0,0,0,0,,0,0,,0,0,0,0,0,0,0,,0,0,0,,0,,0,0,0,0,0,0,0,,,0,0,0,0,,0,0,0,,0,0,0,0,0,0,0,,,0,0,0,0,,0,0,0,0,0,0,,0,0,0,0,0,0,0,0,0,0,0,0,0,0,0,0,0,0,,0,0,0,0,0,,0,0,,0,0,0,,0,0,0,,,0,0,
"Virgin Islands (U.S.)",0,0,,,,3,0,0,,0,0,0,,,0,0,0,0,0,0,,,0,0,0,0,,0,0,0,0,0,,0,,,,0,0,0,0,0,0,0,0,,0,0,0,0,1,8,0,0,0,,0,0,,0,0,0,,0,0,0,0,0,0,0,,0,0,0,0,0,0,0,0,0,0,0,0,,0,0,0,0,0,0,0,0,0,0,,0,0,0,0,0,0,0,,0,0,,0,0,0,0,0,0,0,,0,0,0,,0,,0,0,0,0,0,0,0,,,0,0,0,0,,0,0,0,,0,0,0,0,0,0,0,,,0,0,0,0,,0,0,0,0,0,0,,0,0,0,0,0,0,9,2,0,0,0,0,0,0,0,0,0,0,,0,0,1,0,0,,0,0,,0,22,0,,0,0,0,,,0,0,
"West Bank and Gaza",0,0,,,,0,0,0,,0,0,0,,,0,0,0,0,0,0,,,0,0,0,0,,0,0,0,0,0,,0,,,,0,0,0,0,0,0,0,0,,0,0,0,0,0,0,0,172,0,,0,0,,0,0,0,,0,0,0,0,0,0,0,,0,0,0,0,0,0,0,0,0,0,0,0,,0,874,0,0,0,1619,0,0,0,0,,0,0,0,156,0,0,0,,0,0,,0,0,0,0,0,0,0,,0,0,0,,0,,0,0,0,0,0,0,0,,,0,0,0,0,,0,0,0,,0,0,0,0,0,0,0,,,0,0,0,0,,0,0,0,0,0,0,,0,0,0,0,0,0,0,0,0,0,0,0,0,0,36,0,0,0,,0,0,0,11,0,,0,0,,0,72,0,,0,0,0,,,6,0,
"Yemen, Rep. of",0,0,,,,0,0,0,,0,0,0,,,0,0,0,0,0,0,,,0,0,0,0,,0,0,0,0,0,,0,,,,0,0,0,0,0,0,0,0,,0,0,0,0,0,0,0,83,0,,0,0,,0,0,0,,0,0,0,0,0,0,0,,0,0,0,0,0,0,0,0,0,0,0,0,,0,0,0,0,0,0,0,0,0,0,,0,0,0,0,0,0,0,,0,0,,0,0,0,0,0,0,0,,0,0,0,,0,,0,0,0,0,0,0,0,,,0,0,0,0,,0,0,0,,0,0,0,0,0,0,0,,,0,0,0,0,,0,0,0,0,0,0,,0,0,0,0,0,0,0,0,0,269,0,0,0,0,16,0,0,0,,0,0,0,0,0,,0,0,,0,0,0,,0,0,0,,,0,0,
"Zambia",0,0,,,,0,0,0,,2,0,0,,,0,0,0,0,0,0,,,0,0,1,0,,0,0,0,0,0,,0,,,,0,2,0,0,0,0,0,0,,0,0,0,0,0,0,0,0,0,,0,0,,0,0,1,,0,0,0,1,0,0,0,,0,0,0,0,0,0,0,0,0,16,0,0,,0,0,0,0,1,0,0,1,0,0,,0,0,0,0,0,0,0,,0,0,,0,0,0,0,0,0,0,,0,0,0,,0,,0,0,0,0,0,0,0,,,0,0,0,1,,0,0,0,,0,0,0,0,0,0,0,,,0,0,0,0,,0,0,0,0,0,0,,0,0,0,3,0,0,0,0,0,0,0,0,0,0,0,0,0,0,,0,0,0,0,0,,1,0,,4,2,0,,0,0,0,,,0,0,
"Zimbabwe",0,0,,,,0,0,0,,0,0,0,,,0,0,0,0,0,0,,,0,0,8,0,,0,0,0,0,0,,0,,,,0,0,0,0,0,0,0,0,,0,0,0,0,0,0,0,0,0,,0,0,,0,0,0,,0,0,0,0,0,0,0,,0,0,0,0,0,0,0,0,0,0,0,0,,0,0,0,0,0,0,0,0,0,0,,0,0,0,0,0,0,0,,0,0,,0,0,0,0,0,0,0,,0,0,0,,0,,0,0,8,0,0,0,0,,,0,0,0,0,,0,0,0,,0,0,0,0,0,0,0,,,0,0,0,0,,0,0,0,0,0,0,,0,0,0,16,0,0,0,0,0,0,0,0,0,0,0,0,0,0,,0,0,0,0,0,,0,0,,38,0,0,,0,0,0,,,0,6,
