"name","Afghanistan","Albania","Algeria","American Samoa","Andorra","Angola","Antigua and Barbuda","Argentina","Armenia","Aruba","Australia","Austria","Azerbaijan","Bahamas, The","Bahrain","Bangladesh","Barbados","Belarus","Belgium","Belize","Benin","Bermuda","Bhutan","Bolivia","Bosnia and Herzegovina","Botswana","Brazil","Brunei Darussalam","Bulgaria","Burkina Faso","Burundi","Cambodia","Cameroon","Canada","Cape Verde","Cayman Islands","Central African Republic","Chad","Chile","China","Colombia","Comoros","Congo, Rep.","Costa Rica","Côte d'Ivoire","Croatia","Cuba","Cyprus","Czech Republic","Denmark","Djibouti","Dominica","Dominican Republic","Ecuador","Egypt, Arab Rep.","El Salvador","Equatorial Guinea","Estonia","Ethiopia","Faeroe Islands","Fiji","Finland","France","French Polynesia","Gabon","Gambia, The","Georgia","Germany","Ghana","Greece","Grenada","Guam","Guatemala","Guinea","Guinea-Bissau","Guyana","Haiti","Honduras","Hong Kong SAR, China","Hungary","Iceland","India","Indonesia","Iran, Islamic Rep.","Iraq","Ireland","Israel","Italy","Jamaica","Japan","Jordan","Kazakhstan","Kenya","Korea, Rep.","Kuwait","Kyrgyz Republic","Lao PDR","Latvia","Lebanon","Lesotho","Liberia","Libya","Liechtenstein","Lithuania","Luxembourg","Macao SAR, China","Macedonia, FYR","Madagascar","Malawi","Malaysia","Maldives","Mali","Malta","Marshall Islands","Mauritania","Mauritius","Mexico","Micronesia, Fed. Sts.","Moldova","Monaco","Mongolia","Montenegro","Morocco","Mozambique","Myanmar","Namibia","Nepal","Netherlands","Netherlands Antilles","New Caledonia","New Zealand","Nicaragua","Niger","Nigeria","Northern Mariana Islands","Norway","Oman","Pakistan","Palau","Panama","Papua New Guinea","Paraguay","Peru","Philippines","Poland","Portugal","Puerto Rico","Qatar","Romania","Russian Federation","Rwanda","Samoa","San Marino","São Tomé and Principe","Saudi Arabia","Senegal","Serbia","Seychelles","Sierra Leone","Singapore","Slovak Republic","Slovenia","Solomon Islands","South Africa","Spain","Sri Lanka","St. Kitts and Nevis","St. Lucia","St. Vincent and the Grenadines","Sudan","Suriname","Swaziland","Sweden","Switzerland","Syrian Arab Republic","Tajikistan","Tanzania","Thailand","Timor-Leste","Togo","Tonga","Trinidad and Tobago","Tunisia","Turkey","Turkmenistan","Uganda","Ukraine","United Arab Emirates","United Kingdom","United States","Uruguay","Uzbekistan","Vanuatu","Venezuela, RB","Vietnam","Virgin Islands (U.S.)","West Bank and Gaza","Yemen, Rep.","Zambia","Zimbabwe"
"Afghanistan",0,0,0,,,0,0,0,0,,0,0,0,,,0,0,0,0,0,0,,0,0,0,0,0,,0,0,0,0,0,,0,,,,0,0,0,,,0,0,0,,0,0,0,0,0,0,0,0,0,,0,0,,0,0,0,,,0,0,0,0,0,0,,0,0,0,0,0,0,0,0,0,0,0,0,0,0,0,0,0,0,0,0,0,0,,0,0,0,0,0,0,,,0,0,0,0,,0,0,0,0,0,,,0,0,,0,,0,0,0,0,,0,0,0,,,0,0,0,0,,0,0,0,,0,0,0,0,0,0,0,,,0,0,0,0,,0,0,0,0,0,0,,0,0,0,0,0,0,0,0,0,0,0,0,0,0,0,0,0,0,,0,0,0,0,0,,0,0,,0,0,0,,0,0,0,,,0,0,0
"Albania",0,0,0,,,0,0,0,0,,0,0,0,,,0,0,0,0,0,0,,0,0,0,0,0,,0,0,0,0,0,,0,,,,0,0,0,,,0,0,0,,0,6,0,0,0,0,0,0,0,,0,0,,0,0,0,,,0,0,0,0,40,0,,0,0,0,0,0,0,0,0,0,0,0,0,0,0,0,0,0,0,0,0,0,0,,0,0,0,0,0,0,,,0,0,0,5,,0,0,0,0,0,,,0,0,,0,,0,0,0,0,,0,0,0,,,0,0,0,0,,0,0,0,,0,0,0,0,0,0,0,,,0,0,0,0,,0,0,0,0,0,0,,0,0,0,0,0,0,0,0,0,0,0,0,0,0,0,0,0,0,,0,0,0,0,0,,0,0,,0,0,0,,0,0,0,,,0,0,0
"Algeria",0,0,0,,,0,0,0,0,,0,0,0,,,0,0,0,0,0,0,,0,0,0,0,0,,0,0,0,0,0,,0,,,,0,0,0,,,0,0,0,,0,0,0,0,0,0,0,0,0,,0,0,,0,0,0,,,0,0,0,0,0,0,,0,0,0,0,0,0,0,0,0,0,0,0,0,0,0,0,0,0,0,0,0,0,,0,0,0,0,0,0,,,0,0,0,0,,0,0,0,0,0,,,0,0,,0,,0,0,0,0,,0,0,0,,,0,0,0,0,,0,0,0,,0,0,0,0,0,0,0,,,0,0,0,0,,0,0,0,0,0,0,,0,0,0,0,0,0,0,0,0,0,0,0,0,0,0,0,0,0,,0,0,0,0,0,,0,0,,0,0,0,,0,0,0,,,0,0,0
"American Samoa",0,0,0,,,0,0,0,0,,0,0,0,,,0,0,0,0,0,0,,0,0,0,0,0,,0,0,0,0,0,,0,,,,0,1,0,,,0,0,0,,0,0,0,0,0,0,0,0,0,,0,0,,0,0,0,,,0,0,0,0,0,0,,0,0,0,0,0,0,0,0,0,0,0,0,0,0,0,0,0,0,0,0,0,1,,0,0,0,0,0,0,,,0,0,0,0,,0,0,0,0,0,,,0,0,,0,,0,0,0,0,,0,0,0,,,0,0,0,0,,0,0,0,,0,0,0,0,3,0,0,,,0,0,0,15,,0,0,0,0,0,0,,0,0,0,0,0,0,0,0,0,0,0,0,0,0,0,0,0,0,,0,1,0,0,0,,0,0,,0,8,0,,0,0,1,,,0,0,0
"Andorra",0,0,0,,,0,0,0,0,,0,0,0,,,0,0,0,7,0,0,,0,0,0,0,0,,0,0,0,0,0,,0,,,,0,0,0,,,0,0,0,,0,0,0,0,0,0,0,0,0,,0,0,,0,0,64,,,0,0,2,0,0,0,,0,0,0,0,0,0,0,0,0,1,0,0,0,0,0,0,0,0,0,0,0,0,,0,0,0,0,0,0,,,0,0,0,0,,0,0,0,0,0,,,0,0,,0,,0,0,1,0,,0,0,1,,,0,0,0,0,,0,0,0,,0,0,0,0,1,0,15,,,0,0,0,0,,0,0,0,0,0,0,,0,0,0,0,253,0,0,0,0,0,0,0,0,1,0,0,0,0,,0,0,0,0,0,,0,0,,2,0,0,,0,0,0,,,0,0,0
"Angola",0,0,0,,,0,0,0,0,,0,0,0,,,0,0,0,0,0,0,,0,0,0,0,0,,0,0,0,0,0,,9,,,,0,0,0,,,0,0,0,,0,0,0,0,0,0,0,0,0,,0,0,,0,0,0,,,0,0,0,0,0,0,,0,0,0,0,0,0,0,0,0,0,0,0,0,0,0,0,0,0,0,0,0,0,,0,0,0,0,0,0,,,0,0,0,0,,0,0,0,0,0,,,0,0,,0,,0,0,0,0,,0,0,0,,,0,0,0,0,,0,0,0,,0,0,0,0,0,0,33,,,0,0,0,0,,2,0,0,0,0,0,,0,0,0,0,0,0,0,0,0,0,0,0,0,0,0,0,0,0,,0,0,0,0,0,,0,0,,0,0,0,,0,0,0,,,0,0,0
"Antigua and Barbuda",0,0,0,,,0,0,0,0,,0,0,0,,,0,0,0,0,0,0,,0,0,0,0,0,,0,0,0,0,0,,0,,,,0,0,0,,,0,0,0,,0,0,0,0,1,4,0,0,0,,0,0,,0,0,1,,,0,0,0,0,0,0,,0,0,0,3,0,0,0,0,0,0,0,0,0,0,0,0,5,0,0,0,0,0,,0,0,0,0,0,0,,,0,0,0,0,,0,0,0,0,0,,,0,0,,0,,0,0,0,0,,0,0,0,,,0,0,0,1,,0,0,0,,0,0,0,0,0,0,0,,,0,0,0,0,,0,0,0,0,0,0,,0,0,0,0,0,0,0,0,1,0,0,0,0,0,0,0,0,0,,0,0,0,0,0,,0,0,,1,4,0,,0,0,0,,,0,0,0
"Argentina",0,0,0,,,0,0,0,0,,0,0,0,,,0,0,0,0,0,0,,0,301,1,0,108,,0,0,0,0,0,,0,,,,1,25,0,,,0,0,1,,0,0,0,0,0,0,0,0,0,,0,0,,0,0,69,,,0,0,38,0,0,0,,0,0,0,0,0,0,0,0,0,0,0,0,0,0,0,416,0,16,0,0,0,40,,0,0,0,16,0,0,,,0,0,0,0,,0,0,0,0,0,,,0,0,,0,,0,0,0,0,,0,0,0,,,0,0,0,0,,0,0,0,,0,0,512,195,0,27,0,,,0,1,0,0,,0,0,0,0,0,0,,0,1,0,0,922,0,0,0,0,0,0,0,0,0,5,0,0,0,,0,0,0,0,0,,0,1,,0,0,30,,0,0,0,,,0,0,0
"Armenia",0,0,0,,,0,0,0,0,,0,0,190,,,0,0,0,0,0,0,,0,0,0,0,0,,0,0,0,0,0,,0,,,,0,0,0,,,0,0,0,,0,0,0,0,0,0,0,0,0,,0,0,,0,0,0,,,0,64,5,0,2,0,,0,0,0,0,0,0,0,0,0,0,0,16,0,0,0,0,0,0,0,0,0,0,,0,0,0,21,0,0,,,0,0,0,0,,0,0,0,0,0,,,0,0,,0,,0,0,0,0,,0,0,0,,,0,0,0,0,,0,0,0,,0,0,0,0,0,0,0,,,0,15,0,0,,0,0,0,0,0,0,,0,0,0,0,0,0,0,0,0,0,0,0,0,0,11,0,0,0,,0,0,0,0,1,,0,4,,0,0,0,,0,0,0,,,0,0,0
"Aruba",0,0,0,,,0,0,0,0,,0,0,0,,,0,0,0,0,0,0,,0,0,0,0,0,,0,0,0,0,0,,0,,,,0,0,20,,,0,0,0,,0,0,0,0,0,12,0,0,0,,0,0,,0,0,0,,,0,0,0,0,0,0,,0,0,0,0,0,0,0,0,0,0,0,0,0,0,0,0,0,0,0,0,0,0,,0,0,0,0,0,0,,,0,0,0,0,,0,0,0,0,0,,,0,0,,0,,0,0,0,0,,0,0,0,,,0,0,0,0,,0,0,0,,0,0,0,0,0,0,0,,,0,0,0,0,,0,0,0,0,0,0,,0,0,0,0,0,0,0,0,0,0,0,0,0,0,0,0,0,0,,0,0,0,0,0,,0,0,,0,2,0,,0,1,0,,,0,0,0
"Australia",7,2,2,,,0,0,9,2,,0,107,0,,,85,0,1,140,0,0,,0,1,52,1,39,,4,0,1,23,0,,0,,,,0,"2,107",16,,,2,0,136,,17,81,54,0,0,0,4,256,34,,6,8,,55,26,288,,,0,1,506,1,72,0,,2,0,0,1,0,1,48,117,1,"1,388",225,30,12,64,13,490,2,167,29,0,43,382,,1,4,18,"1,085",0,5,,,12,6,3,53,,0,98,1,0,16,,,40,5,,2,,3,0,4,0,,1,49,169,,,689,1,0,88,,20,3,76,,1,5,1,22,862,141,34,,,24,10,0,22,,0,8,1,0,7,2,,18,33,1,178,117,279,0,0,0,42,0,0,23,111,23,1,1,214,,0,15,0,2,9,,7,18,,"2,152",152,3,,8,1,881,,,1,2,0
"Austria",0,2,1,,,0,0,1,1,,8,0,0,,,8,0,0,44,0,0,,0,0,218,0,13,,11,0,0,1,0,,0,,,,0,65,0,,,0,0,97,,0,275,7,0,0,0,0,76,0,,0,0,,0,4,87,,,0,1,782,0,2,0,,0,0,0,0,0,0,0,185,0,73,4,16,1,1,3,65,0,9,3,0,0,10,,0,0,1,17,0,0,,,2,19,0,19,,0,0,0,0,0,,,0,2,,1,,0,0,3,0,,0,0,12,,,0,0,0,104,,4,0,10,,0,0,0,3,68,171,2,,,78,4,0,0,,0,0,0,"1,846",0,0,,78,73,0,3,20,0,0,0,0,1,0,0,9,117,6,0,0,19,,0,0,0,10,36,,0,5,,16,18,0,,0,0,14,,,0,0,0
"Azerbaijan",0,0,0,,,0,0,0,62,,0,0,0,,,0,0,0,0,0,0,,0,0,0,0,0,,0,0,0,0,0,,0,,,,0,0,0,,,0,0,0,,0,0,0,0,0,0,0,0,0,,0,0,,0,0,0,,,0,5,0,0,0,0,,0,0,0,0,0,0,0,0,0,0,0,0,0,0,0,0,0,0,0,0,0,0,,0,0,0,0,0,0,,,0,0,0,0,,0,0,0,0,0,,,0,0,,0,,0,0,0,0,,0,0,0,,,0,0,0,0,,0,0,0,,0,0,0,0,0,0,0,,,0,23,0,0,,0,0,0,0,0,0,,0,0,0,0,0,0,0,0,0,0,0,0,0,0,0,0,0,0,,0,0,0,0,0,,0,9,,0,0,0,,0,0,0,,,0,0,0
"Bahamas, The",0,0,0,,,0,0,0,0,,0,0,0,,,0,0,0,0,0,0,,0,0,0,0,0,,0,0,0,0,0,,0,,,,0,1,0,,,0,0,0,,0,0,0,0,0,0,0,0,0,,0,0,,0,0,1,,,0,0,1,0,0,0,,0,0,0,1,29,0,0,0,0,1,0,0,0,0,0,0,7,0,0,0,0,0,,0,0,0,0,0,0,,,0,0,0,0,,0,0,0,0,0,,,0,0,,0,,0,0,0,0,,0,0,0,,,0,0,0,2,,0,0,0,,0,0,0,0,1,0,0,,,0,0,0,0,,0,0,0,0,0,0,,0,0,0,0,0,0,0,0,0,0,0,0,0,1,0,0,0,0,,0,0,0,0,0,,0,0,,3,7,0,,0,0,0,,,0,0,0
"Bahrain",0,0,3,,,0,0,0,0,,0,0,0,,,0,0,0,0,0,0,,0,0,0,0,0,,0,0,0,0,0,,0,,,,0,0,0,,,0,0,0,,0,0,0,0,0,0,0,188,0,,0,0,,0,0,0,,,0,0,0,0,0,0,,0,0,0,0,0,0,0,0,0,760,0,33,0,0,0,0,0,0,2,0,0,0,,0,0,0,3,0,0,,,0,0,0,0,,0,0,0,0,0,,,0,0,,0,,0,0,5,0,,0,0,0,,,0,0,0,0,,0,2,161,,0,0,0,0,138,0,0,,,0,0,0,0,,0,9,0,0,0,0,,0,0,0,0,0,0,0,0,0,4,0,0,0,0,3,0,0,0,,0,0,0,2,0,,0,0,,0,0,0,,0,0,0,,,2,0,0
"Bangladesh",0,0,0,,,0,0,0,0,,0,0,0,,,0,0,0,0,0,0,,0,0,0,0,0,,0,0,0,0,0,,0,,,,0,0,0,,,0,0,0,,0,0,0,0,0,0,0,0,0,,0,0,,0,0,0,,,0,0,0,0,0,0,,0,0,0,0,0,0,0,0,0,"4,082",0,0,0,0,0,0,0,0,0,0,0,0,,0,0,0,0,0,0,,,0,0,0,0,,0,0,0,0,0,,,0,0,,0,,0,0,0,0,,0,0,0,,,0,0,0,0,,0,0,40,,0,0,0,0,0,0,0,,,0,0,0,0,,0,0,0,0,0,0,,0,0,0,0,0,0,0,0,0,0,0,0,0,0,0,0,0,0,,0,0,0,0,0,,0,0,,0,0,0,,0,0,0,,,0,0,0
"Barbados",0,0,0,,,0,0,0,0,,0,0,0,,,0,0,0,0,0,0,,0,0,0,0,0,,0,0,0,0,0,,0,,,,0,0,0,,,0,0,0,,0,0,0,0,0,0,0,0,0,,0,0,,0,0,0,,,0,0,0,0,0,1,,0,0,0,2,0,0,0,0,0,3,0,0,0,0,0,0,1,0,0,0,0,0,,0,0,0,0,0,0,,,0,0,0,0,,0,0,0,0,0,,,0,0,,0,,0,0,0,0,,0,0,0,,,0,0,0,0,,0,0,0,,0,0,0,0,0,0,0,,,0,0,0,0,,0,0,0,0,0,0,,0,0,0,0,0,0,0,3,4,0,0,0,0,0,0,0,0,0,,0,0,1,0,0,,0,0,,7,3,0,,0,0,0,,,0,0,0
"Belarus",0,0,0,,,0,0,0,10,,0,0,5,,,0,0,0,0,0,0,,0,0,0,0,0,,0,0,0,0,0,,0,,,,0,0,0,,,0,0,0,,0,0,0,0,0,0,0,0,0,,0,0,,0,0,0,,,0,2,11,0,0,0,,0,0,0,0,0,0,0,0,0,0,0,0,0,0,0,0,0,0,0,0,0,0,,0,0,3,0,0,0,,,12,0,0,0,,0,0,0,0,0,,,0,0,,6,,0,0,0,0,,0,0,0,,,0,0,0,0,,0,0,0,,0,0,0,0,0,484,0,,,0,315,0,0,,0,0,0,0,0,0,,0,0,0,0,0,0,0,0,0,0,0,0,0,0,0,0,0,0,,0,0,0,0,0,,0,133,,0,0,0,,0,0,0,,,0,0,0
"Belgium",0,1,34,,,0,0,1,2,,6,20,0,,,5,0,0,0,0,0,,0,2,0,0,20,,4,0,2,1,2,,1,,,,0,111,8,,,1,1,0,,0,17,19,0,0,5,4,16,1,,3,2,,0,9,"1,958",,,0,0,342,1,8,0,,4,0,0,0,3,1,1,35,0,98,13,5,0,4,5,269,1,18,4,0,3,29,,0,0,6,50,0,1,,,7,355,0,0,,0,1,0,0,0,,,6,3,,1,,0,0,410,0,,0,2,227,,,1,0,0,53,,7,0,29,,0,0,1,6,47,95,47,,,29,16,16,0,,0,0,6,0,0,0,,4,0,0,5,280,3,0,0,0,1,0,0,12,44,8,0,0,26,,3,0,0,39,21,,1,2,,46,29,0,,0,0,37,,,0,0,0
"Belize",0,0,0,,,0,0,0,0,,0,0,0,,,0,0,0,0,0,0,,0,0,0,0,0,,0,0,0,0,0,,0,,,,0,7,0,,,0,0,0,,0,0,0,0,0,0,0,0,18,,0,0,,0,0,0,,,0,0,0,0,0,0,,75,0,0,0,0,22,0,0,0,2,0,0,0,0,0,0,1,0,0,0,0,0,,0,0,0,0,0,0,,,0,0,0,0,,0,0,0,0,0,,,0,5,,0,,0,0,0,0,,0,0,0,,,0,0,0,1,,0,0,0,,0,0,0,0,0,0,0,,,0,0,0,0,,0,0,0,0,0,0,,0,0,0,0,0,0,0,0,0,0,0,0,0,0,0,0,0,0,,0,0,0,0,0,,0,0,,1,4,0,,0,0,0,,,0,0,0
"Benin",0,0,0,,,0,0,0,0,,0,0,0,,,0,0,0,0,0,0,,0,0,0,0,0,,0,1,0,0,0,,0,,,,0,0,0,,,0,0,0,,0,0,0,0,0,0,0,0,0,,0,0,,0,0,21,,,0,0,0,0,0,0,,0,0,0,0,0,0,0,0,0,0,0,0,0,0,0,0,0,0,0,0,0,0,,0,0,0,0,0,0,,,0,0,0,0,,0,0,0,0,0,,,0,0,,0,,0,0,0,0,,0,0,0,,,0,0,22,580,,0,0,0,,0,0,0,0,0,0,0,,,0,0,0,0,,0,0,0,0,0,0,,0,0,0,0,0,0,0,0,0,0,0,0,0,0,0,0,0,0,,31,0,0,0,0,,0,0,,0,0,0,,0,0,0,,,0,0,0
"Bermuda",0,0,0,,,0,0,0,0,,0,0,0,,,0,0,0,0,0,0,,0,0,0,0,0,,0,0,0,0,0,,0,,,,0,0,0,,,0,0,0,,0,0,0,0,0,0,0,0,0,,0,0,,0,0,0,,,0,0,0,0,0,0,,0,0,0,0,0,0,0,0,0,0,0,0,0,0,0,0,0,0,0,0,0,0,,0,0,0,0,0,0,,,0,0,0,0,,0,0,0,0,0,,,0,0,,0,,0,0,0,0,,0,0,0,,,0,0,0,0,,0,0,0,,0,0,0,0,0,0,3,,,0,0,0,0,,0,0,0,0,0,0,,0,0,0,0,0,0,0,0,0,0,0,0,0,0,0,0,0,0,,0,0,0,0,0,,0,0,,10,7,0,,0,0,0,,,0,0,0
"Bhutan",0,0,0,,,0,0,0,0,,0,0,0,,,0,0,0,0,0,0,,0,0,0,0,0,,0,0,0,0,0,,0,,,,0,4,0,,,0,0,0,,0,0,0,0,0,0,0,0,0,,0,0,,0,0,0,,,0,0,0,0,0,0,,0,0,0,0,0,0,0,0,0,160,0,0,0,0,0,0,0,0,0,0,0,0,,0,0,0,0,0,0,,,0,0,0,0,,0,0,0,0,0,,,0,0,,0,,0,0,0,0,,0,2,0,,,0,0,0,0,,0,0,0,,0,0,0,0,0,0,0,,,0,0,0,0,,0,0,0,0,0,0,,0,0,0,0,0,0,0,0,0,0,0,0,0,0,0,0,0,0,,0,0,0,0,0,,0,0,,0,0,0,,0,0,0,,,0,0,0
"Bolivia",0,0,0,,,0,0,26,0,,0,1,0,,,0,0,0,11,2,0,,0,0,0,0,75,,0,0,0,0,0,,0,,,,0,5,4,,,1,0,0,,0,0,1,0,0,0,2,0,0,,0,0,,0,0,8,,,0,0,8,0,0,0,,1,0,0,0,0,1,0,0,0,1,0,0,0,0,0,2,0,8,0,0,0,5,,0,0,0,1,0,0,,,0,0,0,0,,0,0,0,0,0,,,0,27,,0,,0,0,0,0,,0,0,0,,,0,0,0,0,,0,0,0,,0,0,7,32,0,1,0,,,0,0,0,0,,0,0,0,0,0,0,,0,0,0,0,18,0,0,0,0,0,0,0,0,5,0,0,0,0,,0,0,0,0,0,,0,0,,1,10,0,,0,0,0,,,0,0,0
"Bosnia and Herzegovina",0,0,0,,,0,0,0,0,,0,0,0,,,0,0,0,0,0,0,,0,0,0,0,0,,0,0,0,0,0,,0,,,,0,0,0,,,0,0,16,,0,0,0,0,0,0,0,0,0,,0,0,,0,0,0,,,0,0,0,0,0,0,,0,0,0,0,0,0,0,0,0,0,0,0,0,0,0,0,0,0,0,0,0,0,,0,0,0,0,0,0,,,0,0,0,0,,0,0,0,0,0,,,0,0,,0,,0,0,0,0,,0,0,0,,,0,0,0,0,,0,0,0,,0,0,0,0,0,0,0,,,0,0,0,0,,0,0,0,0,0,0,,0,0,0,0,0,0,0,0,0,0,0,0,0,0,0,0,0,0,,0,0,0,0,0,,0,0,,0,0,0,,0,0,0,,,0,0,0
"Botswana",0,0,0,,,0,0,0,0,,0,0,0,,,0,0,0,0,0,0,,0,0,0,0,0,,0,0,0,0,0,,0,,,,0,0,0,,,0,0,0,,0,0,0,0,0,0,0,0,0,,0,0,,0,0,0,,,0,0,0,0,0,0,,0,0,0,0,0,0,0,0,0,0,0,0,0,0,0,0,0,0,0,0,0,0,,0,0,0,0,0,0,,,0,0,0,0,,0,0,0,0,0,,,0,0,,0,,0,0,0,0,,0,0,0,,,0,0,0,0,,0,0,0,,0,0,0,0,0,0,0,,,0,0,0,0,,0,0,0,0,0,0,,0,0,0,0,0,0,0,0,0,0,0,0,0,0,0,0,0,0,,0,0,0,0,0,,0,0,,0,0,0,,0,0,0,,,0,0,0
"Brazil",0,0,0,,,0,0,16,0,,2,16,0,,,0,0,0,31,0,0,,0,26,1,0,0,,0,0,0,0,0,,0,,,,0,61,7,,,1,0,1,,0,4,2,0,0,0,2,17,1,,0,0,,0,0,93,,,0,0,76,0,1,0,,1,0,0,1,0,1,0,13,0,4,0,0,0,0,2,112,0,248,0,0,0,31,,0,0,0,163,0,0,,,0,0,0,0,,0,0,0,0,0,,,0,2,,0,,0,0,0,0,,0,0,6,,,0,1,0,0,,1,0,0,,2,0,45,24,0,15,359,,,4,2,0,0,,0,0,0,0,0,0,,1,1,0,0,318,0,0,0,0,0,0,0,2,23,6,1,0,0,,0,0,0,0,0,,0,1,,7,26,6,,0,0,0,,,0,0,0
"Brunei Darussalam",0,0,0,,,0,0,0,0,,2,0,0,,,6,0,0,0,0,0,,0,0,0,0,0,,0,0,0,0,0,,0,,,,0,23,0,,,0,0,0,,0,0,0,0,0,0,0,0,0,,0,0,,0,0,0,,,0,0,0,0,0,0,,0,0,0,0,0,0,0,0,0,38,25,0,0,0,0,0,0,1,0,0,0,2,,0,0,0,0,0,0,,,0,0,0,0,,0,69,0,0,0,,,0,0,,0,,0,0,0,0,,0,61,1,,,0,0,0,0,,0,0,3,,0,0,0,0,99,0,0,,,0,0,0,0,,0,0,0,0,0,0,,0,0,0,0,0,5,0,0,0,0,0,0,0,0,0,0,0,76,,0,0,0,0,0,,0,0,,7,0,0,,0,0,0,,,0,0,0
"Bulgaria",0,0,0,,,0,0,0,0,,0,0,0,,,0,0,0,0,0,0,,0,0,0,0,0,,0,0,0,0,0,,0,,,,0,0,0,,,0,0,0,,0,0,0,0,0,0,0,0,0,,0,0,,0,0,0,,,0,0,0,0,0,0,,0,0,0,0,0,0,0,0,0,0,0,0,0,0,0,0,0,0,0,0,0,0,,0,0,0,0,0,0,,,0,0,0,0,,0,0,0,0,0,,,0,0,,0,,0,0,0,0,,0,0,0,,,0,0,0,0,,0,0,0,,0,0,0,0,0,0,0,,,0,0,0,0,,0,0,0,0,0,0,,0,0,0,0,0,0,0,0,0,0,0,0,0,0,0,0,0,0,,0,0,0,0,20,,0,0,,0,0,0,,0,0,0,,,0,0,0
"Burkina Faso",0,0,0,,,0,0,0,0,,0,0,0,,,0,0,0,0,0,2,,0,0,0,0,0,,0,0,0,0,0,,0,,,,0,0,0,,,0,196,0,,0,0,0,0,0,0,0,0,0,,0,0,,0,0,0,,,0,0,0,5,0,0,,0,0,0,0,0,0,0,0,0,0,0,0,0,0,0,0,0,0,0,0,0,0,,0,0,0,0,0,0,,,0,0,0,0,,0,0,0,22,0,,,0,0,,0,,0,0,0,0,,0,0,0,,,0,0,5,0,,0,0,0,,0,0,0,0,0,0,0,,,0,0,0,0,,0,0,0,0,0,0,,0,0,0,0,0,0,0,0,0,0,0,0,0,0,0,0,0,0,,14,0,0,0,0,,0,0,,0,0,0,,0,0,0,,,0,0,0
"Burundi",0,0,0,,,0,0,0,0,,0,0,0,,,0,0,0,0,0,0,,0,0,0,0,0,,0,0,0,0,0,,0,,,,0,0,0,,,0,0,0,,0,0,0,0,0,0,0,0,0,,0,0,,0,0,0,,,0,0,0,0,0,0,,0,0,0,0,0,0,0,0,0,0,0,0,0,0,0,0,0,0,0,0,0,0,,0,0,0,0,0,0,,,0,0,0,0,,0,0,0,0,0,,,0,0,,0,,0,0,0,0,,0,0,0,,,0,0,0,0,,0,0,0,,0,0,0,0,0,0,0,,,0,0,15,0,,0,0,0,0,0,0,,0,0,0,0,0,0,0,0,0,0,0,0,0,0,0,0,1,0,,0,0,0,0,0,,0,0,,0,0,0,,0,0,0,,,0,0,0
"Cambodia",0,0,0,,,0,0,0,0,,2,0,0,,,0,0,0,0,0,0,,0,0,0,0,0,,0,0,0,0,0,,0,,,,0,41,0,,,0,0,0,,0,0,0,0,0,0,0,0,0,,0,0,,0,0,15,,,0,0,1,0,0,0,,0,0,0,0,0,0,0,0,0,2,1,0,0,0,0,0,0,2,0,0,0,1,,0,0,0,0,0,0,,,0,0,0,0,,0,1,0,0,0,,,0,0,,0,,0,0,0,0,,0,1,0,,,0,0,0,0,,0,0,0,,0,0,0,0,3,0,0,,,0,0,0,0,,0,0,0,0,0,0,,0,0,0,0,0,1,0,0,0,0,0,0,0,0,0,0,0,598,,0,0,0,0,0,,0,0,,1,2,0,,0,0,434,,,0,0,0
"Cameroon",0,0,0,,,0,0,0,0,,0,0,0,,,0,0,0,0,0,0,,0,0,0,0,0,,0,0,0,0,0,,0,,,,0,0,0,,,0,0,0,,0,0,0,0,0,0,0,0,0,,0,0,,0,0,97,,,0,0,0,0,0,0,,0,0,0,0,0,0,0,0,0,0,0,0,0,0,0,0,0,0,0,0,0,0,,0,0,0,0,0,0,,,0,0,0,0,,0,0,0,0,0,,,0,0,,0,,0,0,0,0,,0,0,0,,,0,0,0,962,,0,0,0,,0,0,0,0,0,0,0,,,0,0,0,0,,0,0,0,0,0,0,,0,0,0,0,0,0,0,0,0,0,0,0,0,0,0,0,0,0,,0,0,0,0,0,,0,0,,0,0,0,,0,0,0,,,0,0,0
"Canada",13,9,59,,,0,1,13,5,,77,117,4,,,164,14,3,517,4,0,,0,7,44,0,65,,23,0,2,18,2,,0,,,,0,"3,910",95,,,14,2,84,,4,141,94,2,1,25,37,297,150,,15,26,,26,38,"1,039",,,1,2,767,6,44,9,,100,1,0,91,131,31,132,254,1,"3,463",49,111,12,26,33,718,305,89,53,0,87,606,,6,6,23,"1,003",0,4,,,25,20,9,9,,0,21,0,1,3,,,20,111,,18,,2,0,108,0,,0,28,231,,,16,17,0,454,,25,3,542,,11,0,18,69,"2,032",440,309,,,131,37,6,0,,0,19,9,0,2,2,,44,45,0,64,89,444,4,3,9,26,0,0,18,178,57,5,10,61,,3,0,20,30,6,,37,79,,"1,208",544,2,,0,3,843,,,2,1,0
"Cape Verde",0,0,0,,,0,0,0,0,,0,0,0,,,0,0,0,0,0,0,,0,0,0,0,0,,0,0,0,0,0,,0,,,,0,0,0,,,0,0,0,,0,0,0,0,0,0,0,0,0,,0,0,,0,0,2,,,0,0,0,0,0,0,,0,0,0,0,0,0,0,0,0,0,0,0,0,0,0,1,0,0,0,0,0,0,,0,0,0,0,0,0,,,0,0,0,0,,0,0,0,0,0,,,0,0,,0,,0,0,0,0,,0,0,0,,,0,0,0,2,,0,0,0,,0,0,0,0,0,0,2,,,0,0,0,0,,1,0,1,0,0,0,,0,0,0,0,0,0,0,0,0,0,0,0,0,0,0,0,0,0,,0,0,0,0,0,,0,0,,0,1,0,,0,0,0,,,0,0,0
"Cayman Islands",0,0,0,,,0,0,0,0,,0,0,0,,,0,0,0,0,0,0,,0,0,0,0,0,,0,0,0,0,0,,0,,,,0,0,0,,,1,0,0,,0,0,0,0,0,0,0,0,0,,0,0,,0,0,1,,,0,0,1,0,0,0,,0,0,0,0,0,9,0,0,0,1,0,0,0,0,0,0,20,0,0,0,0,0,,0,0,0,0,0,0,,,0,0,0,0,,0,0,0,0,0,,,0,0,,0,,0,0,0,0,,0,0,0,,,0,1,0,0,,0,0,0,,0,0,0,0,0,0,0,,,0,0,0,0,,0,0,0,0,0,0,,0,0,0,0,0,0,0,0,0,0,0,0,0,1,0,0,0,0,,0,0,0,0,0,,0,0,,7,12,0,,0,0,0,,,0,0,0
"Central African Republic",0,0,0,,,0,0,0,0,,0,0,0,,,0,0,0,0,0,0,,0,0,0,0,0,,0,0,0,0,2,,0,,,,0,0,0,,,0,0,0,,0,0,0,0,0,0,0,0,0,,0,0,,0,0,34,,,0,0,0,0,0,0,,0,0,0,0,0,0,0,0,0,0,0,0,0,0,0,0,0,0,0,0,0,0,,0,0,0,0,0,0,,,0,0,0,0,,0,0,0,0,0,,,0,0,,0,,0,0,0,0,,0,0,0,,,0,0,0,18,,0,0,0,,0,0,0,0,0,0,0,,,0,0,0,0,,0,0,2,0,0,0,,0,0,0,0,0,0,0,0,0,1,0,0,0,0,0,0,0,0,,0,0,0,0,0,,0,0,,0,0,0,,0,0,0,,,0,0,0
"Chad",0,0,0,,,0,0,0,0,,0,0,0,,,0,0,0,0,0,0,,0,0,0,0,0,,0,0,0,0,11,,0,,,,0,0,0,,,0,0,0,,0,0,0,0,0,0,0,0,0,,0,0,,0,0,0,,,0,0,0,0,0,0,,0,0,0,0,0,0,0,0,0,0,0,0,0,0,0,0,0,0,0,0,0,0,,0,0,0,0,0,0,,,0,0,0,0,,0,0,0,0,0,,,0,0,,0,,0,0,0,0,,0,0,0,,,0,0,10,"1,391",,0,0,0,,0,0,0,0,0,0,0,,,0,0,0,0,,0,0,0,0,0,0,,0,0,0,0,0,0,0,0,0,30,0,0,0,0,0,0,0,0,,0,0,0,0,0,,0,0,,0,0,0,,0,0,0,,,0,0,0
"Chile",0,0,0,,,0,0,46,0,,6,4,0,,,0,0,0,32,0,0,,0,25,0,0,39,,0,0,0,0,0,,0,,,,0,18,13,,,3,0,1,,0,1,2,0,0,1,33,1,1,,0,0,,0,1,58,,,0,0,36,0,0,0,,2,0,0,0,0,2,0,3,0,5,0,0,0,0,1,14,0,5,1,0,0,10,,0,0,0,4,0,0,,,0,1,0,0,,0,0,0,0,0,,,0,5,,0,,0,0,0,0,,0,0,2,,,0,1,0,1,,2,0,1,,3,0,3,150,1,2,1,,,1,0,0,0,,0,0,0,0,0,0,,0,0,0,1,113,0,0,0,0,0,0,0,5,13,1,0,0,0,,0,1,0,0,0,,0,0,,5,25,1,,0,2,0,,,0,0,0
"China",0,0,0,,,0,0,0,0,,0,0,0,,,0,0,0,0,0,0,,0,0,0,0,0,,0,0,0,0,0,,0,,,,0,0,0,,,0,0,0,,0,0,0,0,0,0,0,0,0,,0,0,,0,0,0,,,0,0,0,0,0,0,,0,0,0,0,0,0,0,0,0,0,0,0,0,0,0,0,0,0,0,0,0,0,,0,0,0,0,0,0,,,0,0,0,0,,0,0,0,0,0,,,0,0,,0,,0,0,0,0,,0,0,0,,,0,0,0,0,,0,0,0,,0,0,0,0,0,0,0,,,0,0,0,0,,0,0,0,0,0,0,,0,0,0,0,0,0,0,0,0,0,0,0,0,0,0,0,0,0,,0,0,0,0,0,,0,0,,0,0,0,,0,0,0,,,0,0,0
"Colombia",0,0,0,,,0,0,1,0,,1,1,0,,,0,0,0,8,0,0,,0,1,0,0,6,,0,0,0,0,0,,0,,,,0,9,0,,,3,0,0,,0,0,0,0,0,1,22,0,1,,0,0,,0,0,18,,,0,0,7,0,0,0,,1,0,0,0,0,1,0,0,0,1,0,0,0,0,0,5,0,2,1,0,0,1,,0,0,0,9,0,0,,,0,0,0,0,,0,0,0,0,0,,,0,4,,0,,0,0,0,0,,0,0,1,,,0,1,0,0,,0,0,0,,5,0,0,9,0,0,0,,,0,0,0,0,,0,0,0,0,0,0,,0,0,0,0,39,0,0,0,0,0,0,0,0,4,0,0,0,0,,0,0,0,0,0,,0,0,,2,28,0,,1,8,0,,,0,0,0
"Comoros",0,0,0,,,0,0,0,0,,0,0,0,,,0,0,0,0,0,0,,0,0,0,0,0,,0,0,0,0,0,,0,,,,0,0,0,,,0,0,0,,0,0,0,0,0,0,0,0,0,,0,0,,0,0,6,,,0,0,0,0,0,0,,0,0,0,0,0,0,0,0,0,0,0,0,0,0,0,0,0,0,0,0,0,0,,0,0,0,0,0,0,,,0,0,0,0,,0,0,0,0,0,,,0,0,,0,,0,0,0,0,,0,0,0,,,0,0,0,0,,0,0,0,,0,0,0,0,0,0,0,,,0,0,0,0,,0,0,0,0,0,0,,0,0,0,0,0,0,0,0,0,0,0,0,0,0,0,0,0,0,,0,0,0,0,0,,0,0,,0,0,0,,0,0,0,,,0,0,0
"Congo, Rep.",0,0,0,,,0,0,0,0,,0,0,0,,,0,0,0,0,0,2,,0,0,0,0,0,,0,0,0,0,1,,0,,,,0,0,0,,,0,0,0,,0,0,0,0,0,0,0,0,0,,0,0,,0,0,121,,,0,0,1,0,0,0,,0,0,0,0,0,0,0,0,0,0,0,0,0,0,0,0,0,0,0,0,0,0,,0,0,0,5,0,0,,,0,0,0,0,,0,0,0,2,0,,,0,0,,0,,0,0,0,0,,0,0,0,,,0,0,0,0,,0,0,0,,0,0,0,0,0,0,1,,,0,0,0,0,,0,0,8,0,0,0,,0,0,0,0,0,0,0,0,0,0,0,0,0,0,0,0,0,0,,1,0,0,0,0,,0,0,,0,0,0,,0,0,0,,,0,0,0
"Costa Rica",0,0,0,,,0,0,0,0,,0,0,0,,,0,0,0,0,0,0,,0,0,0,0,0,,0,0,0,0,0,,0,,,,0,0,0,,,0,0,0,,0,0,0,0,0,0,0,0,35,,0,0,,0,0,0,,,0,0,0,0,0,0,,14,0,0,0,0,18,0,0,0,0,0,0,0,0,0,0,0,0,0,0,0,0,,0,0,0,0,0,0,,,0,0,0,0,,0,0,0,0,0,,,0,0,,0,,0,0,0,0,,0,0,0,,,0,444,0,0,,0,0,0,,50,0,0,0,0,0,0,,,0,0,0,0,,0,0,0,0,0,0,,0,0,0,0,0,0,0,0,0,0,0,0,0,0,0,0,0,0,,0,0,0,0,0,,0,0,,0,0,0,,0,0,0,,,0,0,0
"Côte d'Ivoire",0,0,0,,,0,0,0,0,,0,0,0,,,0,0,0,0,0,18,,0,0,0,0,0,,0,102,0,0,0,,0,,,,0,0,0,,,0,0,0,,0,0,0,0,0,0,0,0,0,,0,0,,0,0,0,,,1,0,0,12,0,0,,0,15,0,0,0,0,0,0,0,0,0,0,0,0,0,0,0,0,0,0,0,0,,0,0,0,0,0,36,,,0,0,0,0,,0,0,0,153,0,,,0,0,,0,,0,0,0,0,,0,0,0,,,0,0,24,474,,0,0,0,,0,0,0,0,0,0,0,,,0,0,0,0,,0,0,46,0,0,0,,0,0,0,0,0,0,0,0,0,0,0,0,0,0,0,0,0,0,,35,0,0,0,0,,0,0,,0,0,0,,0,0,0,,,0,0,0
"Croatia",0,0,0,,,0,0,0,0,,3,9,0,,,0,0,0,0,0,0,,0,0,625,0,0,,0,0,0,0,0,,0,,,,0,0,0,,,0,0,0,,0,0,0,0,0,0,0,0,0,,0,0,,0,0,5,,,0,0,37,0,0,0,,0,0,0,0,0,0,0,0,0,0,0,0,0,0,0,4,0,0,0,0,0,0,,0,0,0,0,0,0,,,0,0,0,10,,0,0,0,0,0,,,0,0,,0,,0,0,0,0,,0,0,0,,,0,0,0,0,,0,0,0,,0,0,0,0,0,0,0,,,0,0,0,0,,0,0,0,0,0,0,,0,100,0,0,0,0,0,0,0,0,0,0,1,7,0,0,0,0,,0,0,0,0,0,,0,0,,0,2,0,,0,0,0,,,0,0,0
"Cuba",0,0,0,,,0,0,0,0,,0,0,0,,,0,0,0,0,0,0,,0,0,0,0,0,,0,0,0,0,0,,0,,,,0,2,0,,,0,0,0,,0,1,0,0,0,0,0,0,0,,0,0,,0,0,2,,,0,0,1,0,0,0,,0,0,0,0,0,0,0,0,0,0,0,0,0,0,0,0,0,0,0,0,0,0,,0,0,0,0,0,0,,,0,0,0,0,,0,0,0,0,0,,,0,1,,0,,0,0,0,0,,0,0,0,,,0,0,0,0,,0,0,0,,0,0,0,0,0,0,0,,,0,1,0,0,,0,0,0,0,0,0,,0,0,0,0,34,0,0,0,0,0,0,0,0,0,0,0,0,0,,0,0,0,0,0,,0,1,,0,1,0,,0,0,0,,,0,0,0
"Cyprus",0,0,0,,,0,0,0,2,,10,2,0,,,2,0,0,5,0,0,,0,0,0,0,0,,6,0,0,0,0,,0,,,,0,10,0,,,0,0,0,,0,3,1,0,0,0,0,27,0,,0,0,,0,1,9,,,0,15,9,0,11,0,,0,0,0,0,0,0,0,1,0,15,0,1,0,1,0,1,0,0,2,0,0,0,,0,0,0,27,0,0,,,0,0,0,0,,0,0,0,0,0,,,0,0,,2,,0,0,0,0,,0,0,1,,,0,0,0,6,,1,0,1,,0,0,0,0,34,1,0,,,6,6,0,0,,0,0,0,0,0,0,,0,0,0,6,1,30,0,0,0,1,0,0,2,3,7,0,0,1,,0,0,0,0,0,,0,3,,57,5,0,,0,0,0,,,0,0,0
"Czech Republic",0,0,0,,,0,0,0,2,,1,36,0,,,0,0,1,17,0,0,,0,0,2,0,0,,5,0,0,0,0,,0,,,,0,8,0,,,0,0,3,,0,0,1,0,0,0,0,1,0,,0,0,,0,1,41,,,0,0,37,0,1,0,,0,0,0,0,0,0,0,28,0,1,0,0,0,0,0,2,0,1,1,0,0,0,,1,0,0,2,0,0,,,1,0,0,0,,0,0,0,0,0,,,0,0,,2,,5,0,0,0,,0,0,1,,,0,0,0,2,,0,0,0,,0,0,0,0,0,52,0,,,15,6,0,0,,0,0,0,0,0,0,,881,1,0,0,1,0,0,0,0,0,0,0,0,3,1,0,0,0,,0,0,0,1,0,,0,35,,3,4,0,,0,0,57,,,0,0,0
"Denmark",4,0,2,,,0,0,1,1,,6,8,0,,,2,0,0,24,0,0,,0,0,31,0,8,,2,0,0,0,0,,0,,,,0,70,6,,,1,0,2,,0,4,0,0,0,0,1,11,0,,3,2,,0,11,63,,,1,0,128,0,1,0,,1,0,0,0,0,1,0,11,8,39,3,16,8,2,3,10,0,6,8,0,5,57,,0,0,6,177,0,0,,,15,3,0,2,,0,0,0,0,0,,,0,1,,1,,0,310,16,0,,0,1,12,,,1,0,0,23,,75,0,48,,0,0,0,2,47,53,2,,,6,3,0,0,,0,0,0,4,0,0,,2,1,0,2,30,31,0,0,0,1,0,0,37,13,6,0,1,54,,0,0,0,3,9,,4,7,,26,21,0,,0,0,52,,,0,0,0
"Djibouti",0,0,0,,,0,0,0,0,,0,0,0,,,0,0,0,0,0,0,,0,0,0,0,0,,0,0,0,0,0,,0,,,,0,0,0,,,0,0,0,,0,0,0,0,0,0,0,0,0,,0,14,,0,0,0,,,0,0,0,0,0,0,,0,0,0,0,0,0,0,0,0,0,0,0,0,0,0,0,0,0,0,0,0,0,,0,0,0,0,0,0,,,0,0,0,0,,0,0,0,0,0,,,0,0,,0,,0,0,0,0,,0,0,0,,,0,0,0,0,,0,0,0,,0,0,0,0,0,0,0,,,0,0,0,0,,0,0,0,0,0,0,,0,0,0,0,0,0,0,0,0,0,0,0,0,0,0,0,0,0,,0,0,0,0,0,,0,0,,0,0,0,,0,0,0,,,1,0,0
"Dominica",0,0,0,,,0,0,0,0,,0,0,0,,,0,0,0,0,0,0,,0,0,0,0,0,,0,0,0,0,0,,0,,,,0,0,0,,,0,0,0,,0,0,0,0,0,0,0,0,0,,0,0,,0,0,0,,,0,0,0,0,0,0,,0,0,0,0,0,0,0,0,0,0,0,0,0,0,0,0,0,0,0,0,0,0,,0,0,0,0,0,0,,,0,0,0,0,,0,0,0,0,0,,,0,0,,0,,0,0,0,0,,0,0,0,,,0,0,0,0,,0,0,0,,0,0,0,0,0,0,0,,,0,0,0,0,,0,0,0,0,0,0,,0,0,0,0,0,0,0,0,0,0,0,0,0,0,0,0,0,0,,0,0,0,0,0,,0,0,,1,1,0,,0,0,0,,,0,0,0
"Dominican Republic",0,0,0,,,0,0,2,0,,0,7,0,,,0,0,0,16,0,0,,0,1,0,0,4,,1,0,0,0,0,,0,,,,0,16,12,,,8,0,0,,0,0,0,0,0,0,3,0,1,,0,0,,0,0,42,,,0,0,29,0,0,0,,3,0,0,0,259,2,0,0,0,2,0,0,0,0,0,21,1,7,0,0,0,4,,0,0,0,11,0,0,,,0,1,0,0,,0,0,0,0,0,,,0,4,,0,,0,0,0,0,,0,0,2,,,0,1,0,1,,0,0,1,,3,0,0,6,1,1,0,,,0,0,0,0,,0,0,0,0,0,0,,0,0,0,0,80,0,0,0,0,0,0,0,1,24,0,0,0,0,,0,0,0,0,0,,0,0,,2,25,1,,0,5,0,,,0,0,0
"Ecuador",0,0,0,,,0,0,4,0,,2,4,0,,,0,0,0,26,0,0,,0,3,0,0,11,,0,0,0,0,0,,0,,,,0,23,286,,,5,0,0,,0,2,1,0,0,1,0,1,2,,0,0,,0,0,34,,,0,0,23,0,0,0,,2,0,0,0,0,2,0,1,0,1,0,0,0,0,1,11,0,3,0,0,0,6,,0,0,0,6,0,0,,,0,1,0,0,,0,0,0,0,0,,,0,5,,0,,0,0,0,0,,0,0,2,,,0,1,0,1,,1,0,0,,4,0,0,40,1,1,1,,,1,1,0,0,,0,0,0,0,0,0,,0,0,0,0,75,0,0,0,0,0,0,0,1,21,0,0,0,0,,0,0,0,0,0,,0,0,,5,68,0,,0,3,0,,,0,0,0
"Egypt, Arab Rep.",0,0,2,,,0,0,0,0,,1,1,0,,,1,0,0,5,0,0,,0,0,0,0,0,,0,0,0,0,0,,0,,,,0,6,0,,,0,0,0,,0,0,1,1,0,0,0,0,0,,0,0,,0,0,19,,,0,0,9,0,0,0,,0,0,0,0,0,0,0,0,0,7,10,0,5,0,0,5,0,1,31,0,0,1,,0,0,0,39,0,0,,,0,0,0,0,,0,2,0,0,0,,,0,0,,0,,0,0,3,0,,0,0,1,,,0,0,0,15,,0,1,2,,0,0,0,0,6,0,0,,,0,1,0,0,,0,16,1,0,0,0,,0,0,0,0,2,0,0,0,0,5,0,0,1,2,0,0,0,0,,0,0,0,0,0,,0,0,,0,0,0,,0,0,0,,,0,0,0
"El Salvador",0,0,0,,,0,0,0,0,,0,0,0,,,0,0,0,0,0,0,,0,0,0,0,1,,0,0,0,0,0,,0,,,,0,1,1,,,3,0,0,,0,0,0,0,0,0,0,0,0,,0,0,,0,0,2,,,0,0,1,0,0,0,,32,0,0,0,0,38,0,0,0,0,0,0,0,0,0,1,0,0,0,0,0,1,,0,0,0,0,0,0,,,0,0,0,0,,0,0,0,0,0,,,0,3,,0,,0,0,0,0,,0,0,0,,,0,8,0,0,,0,0,0,,1,0,0,0,0,0,0,,,0,0,0,0,,0,0,0,0,0,0,,0,0,0,0,4,0,0,0,0,0,0,0,0,0,0,0,0,0,,0,0,0,0,0,,0,0,,0,10,0,,0,0,0,,,0,0,0
"Equatorial Guinea",0,0,0,,,0,0,0,0,,0,0,0,,,0,0,0,0,0,0,,0,0,0,0,0,,0,0,0,0,1,,0,,,,0,0,0,,,0,0,0,,0,0,0,0,0,0,0,0,0,,0,0,,0,0,2,,,0,0,0,0,0,0,,0,0,0,0,0,0,0,0,0,0,0,0,0,0,0,0,0,0,0,0,0,0,,0,0,0,0,0,0,,,0,0,0,0,,0,0,0,0,0,,,0,0,,0,,0,0,0,0,,0,0,0,,,0,0,0,29,,0,0,0,,0,0,0,0,0,0,0,,,0,0,0,0,,0,0,0,0,0,0,,0,0,0,0,6,0,0,0,0,0,0,0,0,0,0,0,0,0,,0,0,0,0,0,,0,0,,0,0,0,,0,0,0,,,0,0,0
"Estonia",0,0,0,,,0,0,0,0,,0,0,0,,,0,0,4,0,0,0,,0,0,0,0,0,,0,0,0,0,0,,0,,,,0,0,0,,,0,0,0,,0,0,0,0,0,0,0,0,0,,0,0,,0,3,0,,,0,0,0,0,0,0,,0,0,0,0,0,0,0,0,0,0,0,0,0,0,0,0,0,0,0,0,0,0,,0,0,8,0,0,0,,,5,0,0,0,,0,0,0,0,0,,,0,0,,0,,0,0,0,0,,0,0,0,,,0,0,0,0,,0,0,0,,0,0,0,0,0,0,0,,,0,64,0,0,,0,0,0,0,0,0,,0,0,0,0,0,0,0,0,0,0,0,0,0,0,0,0,0,0,,0,0,0,0,0,,0,18,,0,0,0,,0,0,0,,,0,0,0
"Ethiopia",0,0,0,,,0,0,0,0,,0,0,0,,,0,0,0,0,0,0,,0,0,0,0,0,,0,0,0,0,0,,0,,,,0,0,0,,,0,0,0,,0,0,0,5,0,0,0,0,0,,0,0,,0,0,0,,,0,0,0,0,0,0,,0,0,0,0,0,0,0,0,0,0,0,0,0,0,0,0,0,0,0,0,1,0,,0,0,0,0,0,0,,,0,0,0,0,,0,0,0,0,0,,,0,0,,0,,0,0,0,0,,0,0,0,,,0,0,0,0,,0,0,0,,0,0,0,0,0,0,0,,,0,0,0,0,,0,0,0,0,0,0,,0,0,0,0,0,0,0,0,0,7,0,0,0,0,0,0,0,0,,0,0,0,0,0,,0,0,,0,0,0,,0,0,0,,,0,0,0
"Faeroe Islands",0,0,0,,,0,0,0,0,,0,0,0,,,0,0,0,0,0,0,,0,0,0,0,0,,0,0,0,0,0,,0,,,,0,0,0,,,0,0,0,,0,0,15,0,0,0,0,0,0,,0,0,,0,0,0,,,0,0,0,0,0,0,,0,0,0,0,0,0,0,0,0,0,0,0,0,0,0,0,0,0,0,0,0,0,,0,0,0,0,0,0,,,0,0,0,0,,0,0,0,0,0,,,0,0,,0,,0,0,0,0,,0,0,0,,,0,0,0,0,,0,0,0,,0,0,0,0,0,0,0,,,0,0,0,0,,0,0,0,0,0,0,,0,0,0,0,0,0,0,0,0,0,0,0,0,0,0,0,0,0,,0,0,0,0,0,,0,0,,0,0,0,,0,0,0,,,0,0,0
"Fiji",0,0,0,,,0,0,0,0,,6,0,0,,,1,0,0,0,0,0,,0,0,0,0,0,,0,0,0,0,0,,0,,,,0,0,0,,,0,0,0,,0,0,0,0,0,0,0,0,0,,0,0,,0,0,0,,,0,0,0,0,0,0,,0,0,0,0,0,0,0,0,0,18,0,0,0,0,0,0,0,0,0,0,0,0,,0,0,0,0,0,0,,,0,0,0,0,,0,0,0,0,0,,,0,0,,0,,0,0,0,0,,0,0,0,,,2,0,0,0,,0,0,1,,0,0,0,0,0,0,0,,,0,0,0,1,,0,0,0,0,0,0,,0,0,0,0,0,0,0,0,0,0,0,0,0,0,0,0,0,0,,0,0,0,0,0,,0,0,,2,0,0,,0,0,0,,,0,0,0
"Finland",0,0,1,,,0,0,0,0,,4,3,0,,,3,0,0,8,0,0,,0,0,4,0,2,,1,0,0,0,0,,0,,,,0,42,1,,,0,0,3,,0,2,4,0,0,0,0,4,0,,45,1,,0,0,21,,,1,0,23,0,0,0,,0,0,0,0,0,0,0,6,0,21,1,4,2,0,1,3,0,4,1,0,1,1,,0,0,5,6,0,0,,,4,2,0,0,,0,0,0,0,0,,,0,0,,0,,0,0,4,0,,0,1,2,,,0,0,0,13,,6,0,2,,0,0,0,1,8,5,0,,,2,9,0,0,,0,0,0,0,0,0,,1,0,0,0,11,2,0,0,0,0,0,0,76,8,1,0,0,28,,0,0,0,2,1,,0,2,,8,8,0,,0,0,18,,,0,0,0
"France",1,2,"1,399",,,0,0,7,27,,17,67,0,,,8,0,0,"3,022",0,12,,0,2,19,0,104,,20,1,1,51,33,,24,,,,0,614,51,,,2,41,60,,1,45,29,18,0,1,4,172,3,,2,4,,0,10,0,,,2,1,657,1,7,0,,9,8,5,0,71,3,1,56,0,229,13,26,1,6,11,927,1,78,6,0,3,103,,0,15,3,513,0,2,,,5,320,0,9,,0,2,0,73,0,,,70,14,,2,,3,0,"1,946",0,,0,5,79,,,2,1,4,74,,13,0,71,,1,0,2,20,42,268,"1,334",,,73,21,4,0,,0,2,290,310,1,0,,17,44,0,5,"2,688",154,0,0,0,3,0,0,22,526,41,0,0,86,,41,0,0,"1,043",66,,1,17,,305,84,1,,4,1,431,,,3,0,0
"French Polynesia",0,0,0,,,0,0,0,0,,0,0,0,,,0,0,0,0,0,0,,0,0,0,0,0,,0,0,0,0,0,,0,,,,0,0,0,,,0,0,0,,0,0,0,0,0,0,0,0,0,,0,0,,0,0,285,,,0,0,0,0,0,0,,0,0,0,0,0,0,0,0,0,0,0,0,0,0,0,0,0,0,0,0,0,0,,0,0,0,0,0,0,,,0,0,0,0,,0,0,0,0,0,,,0,0,,0,,0,0,0,0,,0,0,0,,,0,0,0,0,,0,0,0,,0,0,0,0,0,0,0,,,0,0,0,0,,0,0,0,0,0,0,,0,0,0,0,0,0,0,0,0,0,0,0,0,0,0,0,0,0,,0,0,0,0,0,,0,0,,0,0,0,,0,0,0,,,0,0,0
"Gabon",0,0,0,,,0,0,0,0,,0,0,0,,,0,0,0,12,0,16,,0,0,0,0,0,,0,1,0,0,12,,0,,,,0,11,0,,,0,1,0,,0,0,0,0,0,0,0,0,0,,0,0,,0,0,164,,,0,0,0,0,0,0,,0,0,0,0,0,0,0,0,0,0,0,0,0,0,0,0,0,0,0,0,0,0,,0,0,0,0,0,0,,,0,0,0,0,,0,0,0,21,0,,,0,0,,0,,0,0,0,0,,0,0,0,,,0,0,0,278,,0,0,0,,0,0,0,0,0,0,0,,,0,0,0,0,,0,0,48,0,0,0,,0,0,0,0,0,0,0,0,0,0,0,0,0,0,0,0,0,0,,16,0,0,0,0,,0,0,,0,1,0,,0,0,0,,,0,0,0
"Gambia, The",0,0,0,,,0,0,0,0,,0,0,0,,,0,0,0,0,0,0,,0,0,0,0,0,,0,0,0,0,0,,0,,,,0,0,0,,,0,0,0,,0,0,0,0,0,0,0,0,0,,0,0,,0,0,0,,,0,0,0,0,0,0,,0,7,5,0,0,0,0,0,0,0,0,0,0,0,0,0,0,0,0,0,0,0,,0,0,0,0,0,0,,,0,0,0,0,,0,0,0,5,0,,,0,0,,0,,0,0,0,0,,0,0,0,,,0,0,0,0,,0,0,0,,0,0,0,0,0,0,0,,,0,0,0,0,,0,0,246,0,0,1,,0,0,0,0,0,0,0,0,0,0,0,0,0,0,0,0,0,0,,0,0,0,0,0,,0,0,,0,0,0,,0,0,0,,,0,0,0
"Georgia",0,0,0,,,0,0,0,24,,0,0,9,,,0,0,0,0,0,0,,0,0,0,0,0,,1,0,0,0,0,,0,,,,0,3,0,,,0,0,0,,0,0,0,0,0,0,0,0,0,,0,0,,0,0,0,,,0,0,6,0,1,0,,0,0,0,0,0,0,0,0,0,2,0,0,0,0,1,1,0,0,0,0,0,0,,0,0,0,0,0,0,,,0,0,0,0,,0,0,0,0,0,,,0,0,,0,,0,0,0,0,,0,1,0,,,0,0,0,0,,0,0,3,,0,0,0,0,0,0,0,,,1,51,0,0,,0,0,0,0,0,0,,0,0,0,0,0,0,0,0,0,0,0,0,0,0,0,1,0,0,,0,0,0,0,1,,0,6,,1,3,0,,0,0,0,,,0,0,0
"Germany",25,12,33,,,0,0,5,30,,51,"1,361",34,,,30,0,12,792,0,1,,0,4,336,0,142,,92,1,0,1,8,,1,,,,0,899,30,,,5,3,666,,1,300,139,0,0,26,14,132,2,,15,24,,0,55,"1,910",,,7,22,0,9,243,0,,6,1,0,0,1,5,0,426,2,457,60,93,35,16,18,"1,754",4,170,97,4,26,199,,50,1,38,707,0,9,,,60,444,0,90,,0,4,0,1,0,,,2,27,,50,,63,0,259,1,,1,23,362,,,3,2,1,613,,42,0,162,,1,0,3,34,204,"1,362",323,,,184,150,2,0,,0,2,13,0,1,6,,126,137,0,11,"1,266",173,0,0,0,11,0,0,62,455,105,11,1,329,,37,0,0,131,607,,6,231,,278,297,0,,0,1,604,,,4,0,0
"Ghana",0,0,0,,,0,0,0,0,,0,0,0,,,0,0,0,0,0,0,,0,0,0,0,0,,0,0,0,0,0,,0,,,,0,0,0,,,0,0,0,,0,0,0,0,0,0,0,0,0,,0,0,,0,0,0,,,0,0,0,0,0,0,,0,0,0,0,0,0,0,0,0,0,0,0,0,0,0,0,0,0,0,0,0,0,,0,0,0,0,0,0,,,0,0,0,0,,0,0,0,0,0,,,0,0,,0,,0,0,0,0,,0,0,0,,,0,0,0,0,,0,0,0,,0,0,0,0,0,0,0,,,0,0,0,0,,0,0,0,0,0,0,,0,0,0,0,0,0,0,0,0,0,0,0,0,0,0,0,0,0,,0,0,0,0,0,,0,0,,0,0,0,,0,0,0,,,0,0,0
"Greece",0,478,1,,,0,0,0,15,,7,12,0,,,16,0,0,19,0,0,,0,0,1,0,4,,63,0,0,0,0,,0,,,,0,31,1,,,0,0,1,,14,7,8,0,0,1,0,52,0,,0,2,,0,3,21,,,0,45,48,0,0,0,,0,0,0,0,0,0,0,1,0,33,1,4,1,1,1,13,0,4,5,0,1,2,,0,0,0,41,0,0,,,1,6,0,1,,0,0,0,0,0,,,0,1,,18,,0,0,1,0,,0,0,8,,,0,0,0,63,,3,0,73,,0,0,0,0,30,79,0,,,58,18,0,0,,0,0,0,0,0,0,,2,0,0,3,1,4,0,0,0,2,0,0,8,4,24,0,0,1,,0,0,0,1,1,,0,26,,25,10,0,,0,0,1,,,0,0,0
"Grenada",0,0,0,,,0,0,0,0,,0,0,0,,,0,0,0,0,0,0,,0,0,0,0,0,,0,0,0,0,0,,0,,,,0,0,0,,,0,0,0,,0,0,0,0,0,0,0,0,0,,0,0,,0,0,0,,,0,0,0,0,0,0,,0,0,0,0,0,0,0,0,0,0,0,0,0,0,0,0,0,0,0,0,0,0,,0,0,0,0,0,0,,,0,0,0,0,,0,0,0,0,0,,,0,0,,0,,0,0,0,0,,0,0,0,,,0,0,0,0,,0,0,0,,0,0,0,0,0,0,0,,,0,0,0,0,,0,0,0,0,0,0,,0,0,0,0,0,0,0,0,0,0,0,0,0,0,0,0,0,0,,0,0,0,0,0,,0,0,,0,0,0,,0,0,0,,,0,0,0
"Guam",0,0,0,,,0,0,0,0,,0,0,0,,,0,0,0,0,0,0,,0,0,0,0,0,,0,0,0,0,0,,0,,,,0,16,0,,,0,0,0,,0,0,0,0,0,0,0,0,0,,0,0,,0,0,0,,,0,0,0,0,0,0,,0,0,0,0,0,0,0,0,0,0,0,0,0,0,0,0,0,9,0,0,0,18,,0,0,0,0,0,0,,,0,0,0,0,,0,0,0,0,0,,,0,0,,0,,0,0,0,0,,0,0,0,,,0,0,0,0,,0,0,0,,0,0,0,0,123,0,0,,,0,0,0,0,,0,0,0,0,0,0,,0,0,0,0,0,0,0,0,0,0,0,0,0,0,0,0,0,0,,0,0,0,0,0,,0,0,,0,38,0,,0,0,0,,,0,0,0
"Guatemala",0,0,0,,,0,0,0,0,,0,0,0,,,0,0,0,0,1,0,,0,0,0,0,1,,0,0,0,0,0,,0,,,,0,3,2,,,3,0,0,,0,0,0,0,0,0,0,0,33,,0,0,,0,0,2,,,0,0,2,0,0,0,,0,0,0,0,0,21,0,0,0,0,0,0,0,0,0,1,0,0,0,0,0,7,,0,0,0,0,0,0,,,0,0,0,0,,0,0,0,0,0,,,0,23,,0,,0,0,0,0,,0,0,0,,,0,7,0,0,,0,0,0,,1,0,0,1,0,0,0,,,0,0,0,0,,0,0,0,0,0,0,,0,0,0,0,7,0,0,0,0,0,0,0,0,1,0,0,0,0,,0,0,0,0,0,,0,0,,0,12,0,,0,0,0,,,0,0,0
"Guinea",0,0,0,,,0,0,0,0,,0,0,0,,,0,0,0,4,0,1,,0,0,0,0,1,,0,0,0,0,0,,0,,,,0,0,0,,,0,1,0,,0,0,0,0,0,0,0,0,0,,0,0,,0,0,18,,,1,0,3,0,0,0,,0,0,1,0,0,0,0,0,0,0,0,0,0,0,0,0,0,0,0,0,0,0,,0,0,0,8,0,80,,,0,0,0,0,,0,0,0,5,0,,,0,0,,0,,0,0,0,0,,0,0,0,,,0,0,0,11,,0,0,0,,0,0,0,0,0,0,0,,,0,0,0,0,,0,1,9,0,0,25,,0,0,0,0,0,0,0,0,0,0,0,0,0,0,0,0,0,0,,1,0,0,0,0,,0,0,,0,1,0,,0,0,0,,,0,0,0
"Guinea-Bissau",0,0,0,,,0,0,0,0,,0,0,0,,,0,0,0,0,0,0,,0,0,0,0,0,,0,0,0,0,0,,0,,,,0,0,0,,,0,0,0,,0,0,0,0,0,0,0,0,0,,0,0,,0,0,1,,,1,0,0,0,0,0,,0,1,0,0,0,0,0,0,0,0,0,0,0,0,0,0,0,0,0,0,0,0,,0,0,0,0,0,0,,,0,0,0,0,,0,0,0,0,0,,,0,0,,0,,0,0,0,0,,0,0,0,,,0,0,0,0,,0,0,0,,0,0,0,0,0,0,1,,,0,0,0,0,,0,0,14,0,0,0,,0,0,0,0,0,0,0,0,0,0,0,0,0,0,0,0,0,0,,0,0,0,0,0,,0,0,,0,0,0,,0,0,0,,,0,0,0
"Guyana",0,0,0,,,0,0,0,0,,0,0,0,,,0,0,0,0,0,0,,0,0,0,0,5,,0,0,0,0,0,,0,,,,0,4,0,,,0,0,0,,0,0,0,0,0,0,0,0,0,,0,0,,0,0,0,,,0,0,0,0,0,0,,0,0,0,0,0,0,0,0,0,0,0,0,0,0,0,0,0,0,0,0,0,0,,0,0,0,0,0,0,,,0,0,0,0,,0,0,0,0,0,,,0,0,,0,,0,0,0,0,,0,0,0,,,0,0,0,0,,0,0,0,,0,0,0,0,0,0,0,,,0,0,0,0,,0,0,0,0,0,0,,0,0,0,0,0,0,0,0,0,0,0,0,0,0,0,0,0,0,,0,0,0,0,0,,0,0,,1,2,0,,0,0,0,,,0,0,0
"Haiti",0,0,0,,,0,0,0,0,,0,0,0,,,0,0,0,0,0,0,,0,0,0,0,0,,0,0,0,0,0,,0,,,,0,0,0,,,0,0,0,,0,0,0,0,0,26,0,0,0,,0,0,,0,0,0,,,0,0,0,0,0,0,,0,0,0,0,0,0,0,0,0,0,0,0,0,0,0,0,1,0,0,0,0,0,,0,0,0,0,0,0,,,0,0,0,0,,0,0,0,0,0,,,0,0,,0,,0,0,0,0,,0,0,0,,,0,0,0,0,,0,0,0,,0,0,0,0,0,0,0,,,0,0,0,0,,0,0,0,0,0,0,,0,0,0,0,0,0,0,0,0,0,0,0,0,0,0,0,0,0,,0,0,0,0,0,,0,0,,0,15,0,,0,0,0,,,0,0,0
"Honduras",0,0,0,,,0,0,0,0,,0,0,0,,,0,0,0,0,0,0,,0,0,0,0,0,,0,0,0,0,0,,0,,,,0,2,1,,,2,0,0,,0,0,0,0,0,0,1,0,12,,0,0,,0,0,1,,,0,0,1,0,0,0,,10,0,0,0,0,0,0,0,0,0,0,0,0,0,0,0,0,0,0,0,0,0,,0,0,0,0,0,0,,,0,0,0,0,,0,0,0,0,0,,,0,2,,0,,0,0,0,0,,0,0,0,,,0,5,0,0,,0,0,0,,1,0,0,1,0,0,0,,,0,0,0,0,,0,0,0,0,0,0,,0,0,0,0,2,0,0,0,0,0,0,0,0,0,0,0,0,0,,0,0,0,0,0,,0,0,,0,8,0,,0,0,0,,,0,0,0
"Hong Kong SAR, China",0,0,0,,,0,0,0,0,,0,0,0,,,0,0,0,0,0,0,,0,0,0,0,0,,0,0,0,0,0,,0,,,,0,"17,021",0,,,0,0,0,,0,0,0,0,0,0,0,0,0,,0,0,,0,0,0,,,0,0,0,0,0,0,,0,0,0,0,0,0,0,0,0,0,0,0,0,0,0,0,0,0,0,0,0,0,,0,0,0,0,0,0,,,0,0,88,0,,0,0,0,0,0,,,0,0,,0,,0,0,0,0,,0,0,0,,,0,0,0,0,,0,0,0,,0,0,0,0,0,0,0,,,0,0,0,0,,0,0,0,0,0,0,,0,0,0,0,0,0,0,0,0,0,0,0,0,0,0,0,0,0,,0,0,0,0,0,,0,0,,0,0,0,,0,0,0,,,0,0,0
"Hungary",0,0,1,,,0,0,0,0,,3,32,0,,,0,0,0,25,0,0,,0,0,0,0,1,,2,0,0,0,0,,0,,,,0,31,0,,,0,0,2,,0,3,2,0,0,0,0,2,0,,0,0,,0,2,38,,,0,0,101,0,1,0,,0,0,0,0,0,0,0,0,0,1,0,0,0,0,1,6,0,1,1,0,0,1,,0,0,0,3,0,0,,,0,2,0,0,,0,0,0,0,0,,,0,0,,0,,4,8,0,0,,0,0,3,,,0,0,0,6,,3,0,0,,0,0,0,0,0,7,0,,,237,0,0,0,,0,0,0,0,0,0,,9,0,0,0,4,0,0,0,0,0,0,0,3,13,2,0,0,0,,0,0,0,0,0,,0,5,,7,8,0,,0,0,7,,,0,0,0
"Iceland",0,0,0,,,0,0,0,0,,1,1,0,,,0,0,0,4,0,0,,0,0,0,0,0,,0,0,0,0,0,,0,,,,0,3,0,,,0,0,0,,0,1,23,0,0,0,0,0,0,,0,0,,0,1,7,,,0,0,10,0,0,0,,0,0,0,0,0,0,0,1,0,2,1,0,0,0,0,1,0,0,0,0,0,0,,0,0,0,1,0,0,,,0,5,0,0,,0,0,0,0,0,,,0,0,,0,,0,0,0,0,,0,0,1,,,0,0,0,2,,8,0,0,,0,0,0,0,9,8,0,,,0,1,0,0,,0,0,0,0,0,0,,0,0,0,0,3,1,0,0,0,0,0,0,8,1,0,0,0,7,,0,0,0,0,0,,0,0,,3,6,0,,0,0,2,,,0,0,0
"India",1,0,0,,,0,0,0,0,,3,0,0,,,"6,620",0,0,0,0,0,,1,0,0,0,0,,0,0,0,0,0,,0,,,,0,144,0,,,0,0,0,,0,0,0,0,0,0,0,0,0,,0,0,,0,0,13,,,0,0,9,0,0,0,,0,0,0,0,0,0,0,0,0,0,2,2,0,0,0,0,0,3,0,0,4,0,,0,0,0,0,0,0,,,0,0,0,0,,0,9,0,0,0,,,0,0,,0,,0,0,0,0,,0,"1,634",0,,,0,0,0,9,,0,0,"2,189",,0,0,0,0,0,0,0,,,0,0,0,0,,0,6,0,0,0,0,,0,0,0,0,0,400,0,0,0,0,0,0,0,0,0,0,0,0,,0,0,0,0,0,,1,0,,9,5,0,,0,0,2,,,0,0,0
"Indonesia",0,0,0,,,0,0,0,0,,0,0,0,,,0,0,0,0,0,0,,0,0,0,0,0,,0,0,0,0,0,,0,,,,0,432,0,,,0,0,0,,0,0,0,0,0,0,0,0,0,,0,0,,0,0,0,,,0,0,0,0,0,0,,0,0,0,0,0,0,0,0,0,0,0,0,0,0,0,0,0,0,0,0,0,0,,0,0,0,0,0,0,,,0,0,0,0,,0,0,0,0,0,,,0,0,,0,,0,0,0,0,,0,0,0,,,0,0,0,0,,0,0,0,,0,0,0,0,0,0,0,,,0,0,0,0,,0,0,0,0,0,0,,0,0,0,0,0,0,0,0,0,0,0,0,0,0,0,0,0,0,,0,0,0,0,0,,0,0,,13,0,0,,0,0,0,,,0,0,0
"Iran, Islamic Rep.",294,0,0,,,0,0,0,2,,0,0,3,,,0,0,0,0,0,0,,0,0,0,0,0,,0,0,0,0,0,,0,,,,0,0,0,,,0,0,0,,0,0,0,0,0,0,0,0,0,,0,0,,0,0,0,,,0,0,0,0,0,0,,0,0,0,0,0,0,0,0,0,0,0,0,82,0,0,0,0,0,0,0,0,0,,0,0,0,0,0,0,,,0,0,0,0,,0,0,0,0,0,,,0,0,,0,,0,0,0,0,,0,0,0,,,0,0,0,0,,0,0,44,,0,0,0,0,0,0,0,,,0,0,0,0,,0,0,0,0,0,0,,0,0,0,0,0,0,0,0,0,0,0,0,0,0,0,0,0,0,,0,0,0,0,0,,0,0,,0,0,0,,0,0,0,,,0,0,0
"Iraq",0,0,0,,,0,0,0,0,,0,0,0,,,0,0,0,0,0,0,,0,0,0,0,0,,0,0,0,0,0,,0,,,,0,0,0,,,0,0,0,,0,0,0,0,0,0,0,0,0,,0,0,,0,0,0,,,0,0,1,0,0,0,,0,0,0,0,0,0,0,0,0,1,0,8,0,0,0,0,0,0,15,0,0,0,,0,0,0,17,0,0,,,0,0,0,0,,0,0,0,0,0,,,0,0,,0,,0,0,1,0,,0,0,0,,,0,0,0,0,,0,0,1,,0,0,0,0,0,0,0,,,0,0,0,0,,0,1,0,0,0,0,,0,0,0,0,0,0,0,0,0,3,0,0,0,0,9,0,0,0,,0,0,0,1,0,,0,0,,2,0,0,,0,0,0,,,1,0,0
"Ireland",0,0,3,,,0,0,0,0,,35,4,0,,,11,0,0,41,0,0,,0,0,3,0,25,,2,0,0,0,0,,0,,,,0,115,1,,,0,0,2,,0,42,6,0,0,0,0,9,0,,8,0,,0,3,151,,,0,0,66,0,0,0,,2,0,0,0,0,0,1,23,0,88,1,1,0,0,1,17,1,6,2,0,4,2,,0,0,56,4,0,0,,,122,5,0,0,,0,4,0,0,0,,,1,1,,9,,1,0,1,0,,0,1,11,,,5,0,0,608,,4,0,28,,0,0,0,1,77,203,4,,,17,3,0,0,,0,1,0,0,0,0,,38,1,0,15,67,2,0,0,0,2,0,0,6,15,1,0,0,5,,0,0,0,1,0,,1,6,,702,69,0,,0,0,7,,,0,1,0
"Israel",0,0,69,,,0,0,29,29,,0,21,48,,,0,0,19,0,0,0,,0,0,0,0,0,,17,0,0,0,0,,0,,,,0,0,0,,,0,0,0,,0,87,0,0,0,0,0,185,0,,17,83,,0,0,463,,,0,28,168,0,10,0,,0,0,0,0,0,0,0,74,0,139,0,75,30,0,0,0,0,0,0,4,0,0,,80,0,34,37,0,0,,,57,0,0,0,,0,0,0,0,0,,,0,0,,54,,0,0,528,0,,0,0,0,,,0,0,0,0,,0,0,11,,0,0,0,0,0,249,0,,,236,342,0,0,,0,0,0,0,0,0,,27,0,0,0,0,0,0,0,0,0,0,0,0,0,37,160,0,0,,0,0,0,49,10,,0,260,,50,0,0,,0,0,0,,,71,0,0
"Italy",0,386,44,,,0,0,10,1,,10,42,0,,,278,0,2,166,0,2,,0,12,45,0,177,,52,2,0,0,4,,6,,,,0,"1,406",47,,,2,12,50,,0,38,13,0,0,78,218,541,23,,2,18,,0,6,443,,,2,2,201,12,5,0,,4,1,0,0,0,4,0,33,0,631,6,9,1,4,4,0,0,32,22,0,5,26,,1,0,4,113,0,5,,,6,12,0,88,,0,0,0,1,0,,,21,8,,240,,1,0,"1,070",0,,0,4,19,,,1,1,1,"1,288",,5,0,208,,2,0,2,236,743,254,11,,,"1,077",14,2,0,,0,0,247,0,2,1,,31,16,0,3,165,272,0,0,0,4,0,0,29,34,11,0,0,27,,7,0,0,412,4,,1,187,,61,36,1,,0,2,5,,,0,0,0
"Jamaica",0,0,0,,,0,0,0,0,,0,0,0,,,0,0,0,0,0,0,,0,0,0,0,0,,0,0,0,0,0,,0,,,,0,0,0,,,0,0,0,,0,0,0,0,0,0,0,0,0,,0,0,,0,0,0,,,0,0,0,0,0,0,,0,0,0,0,0,0,0,0,0,5,0,0,0,0,0,0,0,0,0,0,0,0,,0,0,0,0,0,0,,,0,0,0,0,,0,0,0,0,0,,,0,0,,0,,0,0,0,0,,0,0,0,,,0,0,0,0,,0,0,0,,0,0,0,0,0,0,0,,,0,0,0,0,,0,0,0,0,0,0,,0,0,0,0,0,0,0,0,0,0,0,0,0,0,0,0,0,0,,0,0,0,0,0,,0,0,,9,12,0,,0,0,0,,,0,0,0
"Japan",0,0,0,,,0,0,2,0,,41,3,0,,,46,0,0,15,0,0,,0,11,0,0,"1,168",,1,0,0,2,0,,0,,,,0,"4,314",6,,,1,0,0,,0,1,3,0,0,2,1,11,0,,0,0,,0,2,98,,,0,0,23,0,0,0,,1,0,0,0,0,1,0,2,0,134,86,5,0,1,1,5,1,0,1,0,2,"3,137",,1,1,0,1,0,0,,,1,1,0,0,,0,7,0,0,0,,,0,4,,0,,40,9,1,0,,0,65,2,,,5,0,0,64,,2,0,32,,0,0,5,158,"1,138",2,1,,,4,4,0,0,,0,1,1,0,0,0,,1,0,0,1,13,31,0,0,0,0,0,0,3,8,0,0,0,220,,0,0,0,1,1,,1,2,,31,98,0,,0,0,162,,,0,0,0
"Jordan",0,0,3,,,0,0,0,0,,7,5,0,,,127,0,0,0,0,0,,0,0,0,0,3,,0,0,0,0,0,,0,,,,0,428,0,,,0,0,0,,1,0,0,0,0,0,0,"3,809",0,,0,0,,0,0,36,,,0,0,23,0,0,0,,0,0,0,0,0,0,0,21,0,123,197,1,58,0,16,5,0,3,0,0,0,4,,0,0,0,152,0,0,,,0,0,0,0,,0,2,0,0,0,,,0,0,,0,,0,0,8,0,,0,5,3,,,0,0,0,0,,0,13,56,,0,0,0,0,119,0,0,,,3,2,0,0,,0,55,0,0,0,0,,0,0,0,0,18,259,0,0,0,20,0,0,0,13,513,0,0,4,,0,0,0,6,2,,0,3,,12,40,0,,0,0,0,,,17,0,0
"Kazakhstan",0,0,0,,,0,0,0,11,,0,0,47,,,0,0,20,0,0,0,,0,0,0,0,0,,4,0,0,0,0,,0,,,,0,10,0,,,0,0,0,,0,0,0,0,0,0,0,0,0,,2,0,,0,0,0,,,0,2,675,0,3,0,,0,0,0,0,0,0,0,0,0,0,0,1,0,0,0,0,0,0,0,0,0,0,,15,0,2,0,0,0,,,11,0,0,0,,0,0,0,0,0,,,0,0,,20,,0,0,0,0,,0,0,0,,,0,0,0,0,,0,0,0,,0,0,0,0,0,48,0,,,0,"1,031",0,0,,0,0,0,0,0,0,,0,0,0,0,0,0,0,0,0,0,0,0,0,0,0,58,0,0,,0,0,0,0,8,,0,247,,0,0,0,,0,0,0,,,0,0,0
"Kenya",0,0,0,,,0,0,0,0,,0,0,0,,,0,0,0,0,0,0,,0,0,0,0,0,,0,0,0,0,0,,0,,,,0,0,0,,,0,0,0,,0,0,0,0,0,0,0,0,0,,0,11,,0,0,0,,,0,0,0,0,0,0,,0,0,0,0,0,0,0,0,0,0,0,0,0,0,0,0,0,0,0,0,0,0,,0,0,0,0,0,0,,,0,0,0,0,,0,0,0,0,0,,,0,0,,0,,0,0,0,0,,0,0,0,,,0,0,0,0,,0,0,0,,0,0,0,0,0,0,0,,,0,0,0,0,,0,0,0,0,0,0,,0,0,0,0,0,0,0,0,0,57,0,0,0,0,0,0,15,0,,0,0,0,0,0,,530,0,,0,0,0,,0,0,0,,,0,0,0
"Korea, Rep.",0,0,0,,,0,0,0,0,,9,0,0,,,20,0,0,0,0,0,,0,0,0,0,0,,0,0,0,2,0,,0,,,,0,"1,923",0,,,0,0,0,,0,0,0,0,0,0,0,0,0,,0,0,,0,0,14,,,0,0,5,0,0,0,,0,0,0,0,0,0,0,0,0,17,50,0,0,0,0,0,0,43,0,0,0,0,,0,0,0,0,0,0,,,0,0,0,0,,0,1,0,0,0,,,0,0,,0,,118,0,0,0,,0,20,0,,,2,0,0,0,,0,0,17,,0,0,0,0,152,0,0,,,0,1,0,0,,0,0,0,0,0,0,,0,0,0,0,0,27,0,0,0,0,0,0,0,0,0,0,0,108,,0,0,0,0,0,,0,0,,4,64,0,,0,0,185,,,0,0,0
"Kuwait",0,0,0,,,0,0,0,0,,0,0,0,,,"1,024",0,0,0,0,0,,0,0,0,0,0,,0,0,0,0,0,,0,,,,0,0,0,,,0,0,0,,0,0,0,0,0,0,0,"2,181",0,,0,0,,0,0,0,,,0,0,0,0,0,0,,0,0,0,0,0,0,0,0,0,"2,947",42,108,0,0,0,0,0,0,0,0,0,0,,0,0,0,0,0,0,,,0,0,0,0,,0,0,0,0,0,,,0,0,,0,,0,0,0,0,,0,0,0,,,0,0,0,0,,0,0,486,,0,0,0,0,549,0,0,,,0,0,0,0,,0,0,0,0,0,0,,0,0,0,0,0,823,0,0,0,0,0,0,0,0,348,0,0,0,,0,0,0,0,0,,0,0,,0,0,0,,0,0,0,,,0,0,0
"Kyrgyz Republic",0,0,0,,,0,0,0,0,,0,0,0,,,0,0,0,0,0,0,,0,0,0,0,0,,0,0,0,0,0,,0,,,,0,0,0,,,0,0,0,,0,0,0,0,0,0,0,0,0,,0,0,,0,0,0,,,0,0,12,0,0,0,,0,0,0,0,0,0,0,0,0,0,0,0,0,0,0,0,0,0,0,0,0,0,,0,0,0,0,0,0,,,0,0,0,0,,0,0,0,0,0,,,0,0,,0,,0,0,0,0,,0,0,0,,,0,0,0,0,,0,0,0,,0,0,0,0,0,0,0,,,0,41,0,0,,0,0,0,0,0,0,,0,0,0,0,0,0,0,0,0,0,0,0,0,0,0,20,0,0,,0,0,0,0,1,,0,6,,0,0,0,,0,0,0,,,0,0,0
"Lao PDR",0,0,0,,,0,0,0,0,,0,0,0,,,0,0,0,0,0,0,,0,0,0,0,0,,0,0,0,0,0,,0,,,,0,10,0,,,0,0,0,,0,0,0,0,0,0,0,0,0,,0,0,,0,0,0,,,0,0,0,0,0,0,,0,0,0,0,0,0,0,0,0,0,0,0,0,0,0,0,0,0,0,0,0,0,,0,0,0,0,0,0,,,0,0,0,0,,0,0,0,0,0,,,0,0,,0,,0,0,0,0,,0,0,0,,,0,0,0,0,,0,0,0,,0,0,0,0,0,0,0,,,0,0,0,0,,0,0,0,0,0,0,,0,0,0,0,0,0,0,0,0,0,0,0,0,0,0,0,0,4,,0,0,0,0,0,,0,0,,0,0,0,,0,0,20,,,0,0,0
"Latvia",0,0,0,,,0,0,0,5,,0,0,7,,,0,0,4,0,0,0,,0,0,0,0,0,,0,0,0,0,0,,0,,,,0,0,0,,,0,0,0,,0,0,3,0,0,0,0,0,0,,8,0,,0,2,0,,,0,4,5,0,0,0,,0,0,0,0,0,0,0,0,0,2,0,0,0,0,1,0,0,0,0,0,0,0,,9,0,0,6,0,0,,,34,0,0,0,,0,0,0,0,0,,,0,0,,8,,0,0,0,0,,0,0,0,,,0,0,0,0,,0,0,1,,0,0,0,0,0,2,0,,,0,94,0,0,,0,0,0,0,0,0,,0,0,0,0,0,2,0,0,0,0,0,0,2,0,0,18,0,0,,0,0,0,0,0,,0,32,,1,4,0,,0,0,0,,,0,0,0
"Lebanon",0,0,0,,,0,0,0,0,,0,0,0,,,0,0,0,0,0,0,,0,0,0,0,0,,0,0,0,0,0,,0,,,,0,0,0,,,0,0,0,,0,0,0,0,0,0,0,0,0,,0,0,,0,0,0,,,0,0,0,0,0,0,,0,0,0,0,0,0,0,0,0,0,0,0,0,0,0,0,0,0,0,0,0,0,,0,0,0,0,0,0,,,0,0,0,0,,0,0,0,0,0,,,0,0,,0,,0,0,0,0,,0,0,0,,,0,0,0,0,,0,0,0,,0,0,0,0,0,0,0,,,0,0,0,0,,0,0,0,0,0,0,,0,0,0,0,0,0,0,0,0,0,0,0,0,0,0,0,0,0,,0,0,0,0,0,,0,0,,0,0,0,,0,0,0,,,0,0,0
"Lesotho",0,0,0,,,0,0,0,0,,0,0,0,,,0,0,0,0,0,0,,0,0,0,0,0,,0,0,0,0,0,,0,,,,0,0,0,,,0,0,0,,0,0,0,0,0,0,0,0,0,,0,0,,0,0,0,,,0,0,0,0,0,0,,0,0,0,0,0,0,0,0,0,0,0,0,0,0,0,0,0,0,0,0,0,0,,0,0,0,0,0,0,,,0,0,0,0,,0,0,0,0,0,,,0,0,,0,,0,0,0,0,,0,0,0,,,0,0,0,0,,0,0,0,,0,0,0,0,0,0,0,,,0,0,0,0,,0,0,0,0,0,0,,0,0,0,4,0,0,0,0,0,0,0,0,0,0,0,0,0,0,,0,0,0,0,0,,0,0,,0,0,0,,0,0,0,,,0,0,0
"Liberia",0,0,0,,,0,0,0,0,,0,0,0,,,0,0,0,0,0,0,,0,0,0,0,0,,0,0,0,0,0,,0,,,,0,0,0,,,0,1,0,,0,0,0,0,0,0,0,0,0,,0,0,,0,0,1,,,0,0,2,2,0,0,,0,5,0,0,0,0,0,0,0,6,0,0,0,0,0,0,0,0,0,0,0,0,,0,0,0,26,0,0,,,0,0,0,0,,0,0,0,0,0,,,0,0,,0,,0,0,0,0,,0,0,0,,,0,0,0,24,,0,0,0,,0,0,0,0,0,0,0,,,0,0,0,0,,0,0,0,0,0,2,,0,0,0,0,1,0,0,0,0,0,0,0,1,0,0,0,0,0,,0,0,0,0,0,,0,0,,1,0,0,,0,0,0,,,0,0,0
"Libya",0,0,0,,,0,0,0,0,,0,0,0,,,0,0,0,0,0,0,,0,0,0,0,0,,0,0,0,0,0,,0,,,,0,0,0,,,0,0,0,,0,0,0,0,0,0,0,"2,080",0,,0,0,,0,0,0,,,0,0,0,0,0,0,,0,0,0,0,0,0,0,0,0,0,0,0,0,0,0,0,0,0,0,0,0,0,,0,0,0,0,0,0,,,0,0,0,0,,0,0,0,0,0,,,0,0,,0,,0,0,0,0,,0,0,0,,,0,0,0,0,,0,0,0,,0,0,0,0,0,0,0,,,0,0,0,0,,0,0,0,0,0,0,,0,0,0,0,0,0,0,0,0,0,0,0,0,0,70,0,0,0,,0,0,0,259,0,,0,0,,0,0,0,,0,0,0,,,0,0,0
"Liechtenstein",0,0,0,,,0,0,0,0,,0,11,0,,,0,0,0,0,0,0,,0,0,0,0,0,,0,0,0,0,0,,0,,,,0,0,0,,,0,0,0,,0,0,0,0,0,0,0,0,0,,0,0,,0,0,1,,,0,0,5,0,0,0,,0,0,0,0,0,0,0,0,0,0,0,0,0,0,0,2,0,0,0,0,0,0,,0,0,0,0,0,0,,,0,0,0,0,,0,0,0,0,0,,,0,0,,0,,0,0,0,0,,0,0,0,,,0,0,0,0,,0,0,0,,0,0,0,0,0,0,1,,,0,0,0,0,,0,0,0,0,0,0,,0,0,0,0,3,0,0,0,0,0,0,0,0,32,0,0,0,0,,0,0,0,0,0,,0,0,,0,0,0,,0,0,0,,,0,0,0
"Lithuania",0,0,0,,,0,0,0,1,,0,0,1,,,0,0,13,0,0,0,,0,0,0,0,0,,0,0,0,0,0,,0,,,,0,1,0,,,0,0,0,,0,0,0,0,0,0,0,0,0,,2,0,,0,0,1,,,0,1,4,0,0,0,,0,0,0,0,0,0,0,0,0,0,0,0,0,0,0,0,0,0,0,0,0,0,,1,0,13,1,0,0,,,0,0,0,0,,0,0,0,0,0,,,0,0,,1,,0,0,0,0,,0,0,0,,,0,0,0,0,,0,0,0,,0,0,0,0,0,5,0,,,0,28,0,0,,0,0,0,0,0,0,,0,0,0,0,0,0,0,0,0,0,0,0,0,0,0,2,0,0,,0,0,0,0,0,,0,13,,0,1,0,,0,0,0,,,0,0,0
"Luxembourg",0,0,1,,,0,0,0,0,,0,4,0,,,0,0,0,407,0,0,,0,0,3,0,3,,0,0,0,0,0,,4,,,,0,10,0,,,0,0,1,,0,2,9,0,0,1,0,1,0,,0,0,,0,2,264,,,0,0,62,0,1,0,,0,0,0,0,0,0,0,2,0,4,0,1,0,1,0,32,0,1,0,0,0,3,,0,0,0,1,0,0,,,0,0,0,0,,0,0,0,0,0,,,0,0,,0,,0,0,2,0,,0,0,7,,,0,0,0,1,,1,0,0,,0,0,0,1,3,3,93,,,1,0,0,0,,0,0,0,0,0,0,,0,0,0,0,20,0,0,0,0,0,0,0,3,7,0,0,0,1,,0,0,0,1,0,,0,0,,7,3,0,,0,0,2,,,0,0,0
"Macao SAR, China",0,0,0,,,0,0,0,0,,0,0,0,,,0,0,0,0,0,0,,0,0,0,0,0,,0,0,0,0,0,,0,,,,0,"1,925",0,,,0,0,0,,0,0,0,0,0,0,0,0,0,,0,0,,0,0,0,,,0,0,0,0,0,0,,0,0,0,0,0,0,10,0,0,0,0,0,0,0,0,0,0,0,0,0,0,0,,0,0,0,0,0,0,,,0,0,0,0,,0,0,0,0,0,,,0,0,,0,,0,0,0,0,,0,0,0,,,0,0,0,0,,0,0,0,,0,0,0,0,67,0,3,,,0,0,0,0,,0,0,0,0,0,0,,0,0,0,0,0,0,0,0,0,0,0,0,0,0,0,0,0,5,,0,0,0,0,0,,0,0,,0,0,0,,0,0,0,,,0,0,0
"Macedonia, FYR",0,57,0,,,0,0,0,0,,0,0,0,,,0,0,0,0,0,0,,0,0,3,0,0,,0,0,0,0,0,,0,,,,0,0,0,,,0,0,0,,0,0,0,0,0,0,0,0,0,,0,0,,0,0,0,,,0,0,0,0,0,0,,0,0,0,0,0,0,0,0,0,0,0,0,0,0,0,0,0,0,0,0,0,0,,0,0,0,0,0,0,,,0,0,0,0,,0,0,0,0,0,,,0,0,,0,,0,0,0,0,,0,0,0,,,0,0,0,0,,0,0,0,,0,0,0,0,0,0,0,,,0,0,0,0,,0,0,0,76,0,0,,0,0,0,0,0,0,0,0,0,0,0,0,0,0,0,0,0,0,,0,0,0,0,3,,0,0,,0,0,0,,0,0,0,,,0,0,0
"Madagascar",0,0,4,,,0,0,0,0,,0,0,0,,,0,0,0,2,0,0,,0,0,0,0,0,,0,0,0,0,0,,0,,,,0,19,0,,,0,0,0,,0,0,0,0,0,0,0,0,0,,0,0,,0,0,137,,,0,0,1,0,0,0,,0,0,0,0,0,0,0,0,0,21,0,0,0,0,0,1,0,0,0,0,0,0,,0,0,0,0,0,0,,,0,0,0,0,,0,0,0,0,0,,,1,0,,0,,0,0,0,0,,0,0,0,,,0,0,0,0,,0,0,5,,0,0,0,0,0,0,0,,,0,0,0,0,,0,0,0,0,0,0,,0,0,0,0,0,0,0,0,0,0,0,0,0,1,0,0,0,0,,0,0,0,0,0,,0,0,,0,0,0,,0,0,0,,,0,0,0
"Malawi",0,0,0,,,0,0,0,0,,0,0,0,,,0,0,0,0,0,0,,0,0,0,0,0,,0,0,0,0,0,,0,,,,0,0,0,,,0,0,0,,0,0,0,0,0,0,0,0,0,,0,0,,0,0,0,,,0,0,0,0,0,0,,0,0,0,0,0,0,0,0,0,22,0,0,0,0,0,0,0,0,0,0,0,0,,0,0,0,0,0,0,,,0,0,0,0,,0,0,0,0,0,,,0,0,,0,,0,0,0,8,,0,0,0,,,0,0,0,0,,0,0,0,,0,0,0,0,0,0,0,,,0,0,0,0,,0,0,0,0,0,0,,0,0,0,6,0,0,0,0,0,0,0,0,0,0,0,0,2,0,,0,0,0,0,0,,0,0,,0,0,0,,0,0,0,,,0,4,0
"Malaysia",0,0,0,,,0,0,0,0,,25,0,0,,,360,0,0,0,0,0,,0,0,0,0,0,,0,0,0,0,0,,0,,,,0,772,0,,,0,0,0,,0,0,0,0,0,0,0,0,0,,0,0,,0,0,0,,,0,0,0,0,0,0,,0,0,0,0,0,0,0,0,0,547,"3,786",0,0,0,0,0,0,68,0,0,0,0,,0,0,0,0,0,0,,,0,0,0,0,,0,0,0,0,0,,,0,0,,0,,0,0,0,0,,0,0,0,,,4,0,0,0,,0,0,42,,0,0,0,0,"1,247",0,0,,,0,0,0,0,,0,0,0,0,0,0,,0,0,0,0,0,13,0,0,0,0,0,0,0,0,0,0,0,365,,0,0,0,0,0,,0,0,,23,0,0,,0,0,0,,,0,0,0
"Maldives",0,0,0,,,0,0,0,0,,0,0,0,,,0,0,0,0,0,0,,0,0,0,0,0,,0,0,0,0,0,,0,,,,0,0,0,,,0,0,0,,0,0,0,0,0,0,0,0,0,,0,0,,0,0,0,,,0,0,0,0,0,0,,0,0,0,0,0,0,0,0,0,0,0,0,0,0,0,0,0,0,0,0,0,0,,0,0,0,0,0,0,,,0,0,0,0,,0,0,0,0,0,,,0,0,,0,,0,0,0,0,,0,0,0,,,0,0,0,0,,0,0,0,,0,0,0,0,0,0,0,,,0,0,0,0,,0,0,0,0,0,0,,0,0,0,0,0,0,0,0,0,0,0,0,0,0,0,0,0,0,,0,0,0,0,0,,0,0,,0,0,0,,0,0,0,,,0,0,0
"Mali",0,0,1,,,0,0,0,0,,0,0,0,,,0,0,0,0,0,0,,0,0,0,0,0,,0,2,0,0,0,,0,,,,0,0,0,,,0,18,0,,0,0,0,0,0,0,0,0,0,,0,0,,0,0,29,,,0,0,0,0,0,0,,0,2,0,0,0,0,0,0,0,0,0,0,0,0,0,0,0,0,0,0,0,0,,0,0,0,0,0,0,,,0,0,0,0,,0,0,0,0,0,,,0,0,,0,,0,0,0,0,,0,0,0,,,0,0,1,21,,0,0,0,,0,0,0,0,0,0,0,,,0,0,0,0,,0,0,16,0,0,0,,0,0,0,0,0,0,0,0,0,0,0,0,0,0,0,0,0,0,,1,0,0,0,0,,0,0,,0,0,0,,0,0,0,,,0,0,0
"Malta",0,0,0,,,0,0,0,0,,9,0,0,,,0,0,0,0,0,0,,0,0,0,0,0,,0,0,0,0,0,,0,,,,0,0,0,,,0,0,0,,0,0,0,0,0,0,0,0,0,,0,0,,0,0,1,,,0,0,2,0,0,0,,0,0,0,0,0,0,0,0,0,0,0,0,0,0,0,1,0,0,0,0,0,0,,0,0,0,0,0,0,,,0,0,0,0,,0,0,0,0,0,,,0,0,,0,,0,0,0,0,,0,0,0,,,0,0,0,0,,0,0,0,,0,0,0,0,0,0,0,,,0,0,0,0,,0,0,0,0,0,0,,0,0,0,0,0,0,0,0,0,0,0,0,0,0,0,0,0,0,,0,0,0,0,0,,0,0,,9,1,0,,0,0,0,,,0,0,0
"Marshall Islands",0,0,0,,,0,0,0,0,,1,0,0,,,0,0,0,0,0,0,,0,0,0,0,0,,0,0,0,0,0,,0,,,,0,0,0,,,0,0,0,,0,0,0,0,0,0,0,0,0,,0,0,,0,0,0,,,0,0,0,0,0,0,,0,0,0,0,0,0,0,0,0,0,0,0,0,0,0,0,0,0,0,0,0,0,,0,0,0,0,0,0,,,0,0,0,0,,0,0,0,0,0,,,0,0,,0,,0,0,0,0,,0,0,0,,,0,0,0,0,,0,0,0,,0,0,0,0,0,0,0,,,0,0,0,0,,0,0,0,0,0,0,,0,0,0,0,0,0,0,0,0,0,0,0,0,0,0,0,0,0,,0,0,0,0,0,,0,0,,0,0,0,,0,0,0,,,0,0,0
"Mauritania",0,0,3,,,0,0,0,0,,0,0,0,,,0,0,0,2,0,0,,0,0,0,0,1,,0,0,0,0,0,,0,,,,0,2,0,,,0,0,0,,0,0,0,0,0,0,0,2,0,,0,0,,0,0,26,,,0,0,0,0,0,0,,0,1,0,0,0,0,0,0,0,0,0,0,0,0,0,0,0,0,0,0,0,1,,0,0,0,2,0,0,,,0,0,0,0,,0,0,0,5,0,,,0,0,,0,,0,0,1,0,,0,0,0,,,0,0,0,0,,0,0,0,,0,0,0,0,0,0,0,,,0,0,0,0,,0,1,94,0,0,0,,0,0,0,0,1,0,0,0,0,0,0,0,0,0,0,0,0,0,,0,0,0,1,0,,0,0,,0,0,0,,0,0,0,,,0,0,0
"Mauritius",0,0,0,,,0,0,0,0,,2,0,0,,,0,0,0,0,0,0,,0,0,0,0,0,,0,0,0,0,0,,0,,,,0,96,0,,,0,0,0,,0,0,0,0,0,0,0,0,0,,0,0,,0,0,51,,,0,0,7,0,0,0,,0,0,0,0,0,0,0,0,0,34,0,0,0,0,0,2,0,0,0,0,0,0,,0,0,0,0,0,0,,,0,0,0,0,,0,0,0,0,0,,,0,0,,0,,0,0,0,0,,0,0,0,,,0,0,0,0,,0,0,0,,0,0,0,0,0,0,0,,,0,0,0,0,,0,0,0,0,0,0,,0,0,0,3,0,0,0,0,0,0,0,0,0,0,0,0,0,0,,0,0,0,0,0,,0,0,,5,0,0,,0,0,0,,,0,0,0
"Mexico",0,0,0,,,0,0,5,0,,1,4,0,,,0,0,0,24,2,0,,0,3,0,0,11,,0,0,0,0,0,,0,,,,0,16,16,,,12,0,0,,0,2,2,0,0,3,4,1,20,,0,0,,0,0,93,,,0,0,32,0,0,0,,152,0,0,0,1,21,0,2,0,3,0,0,0,0,2,11,0,15,0,0,0,13,,0,0,0,17,0,0,,,0,1,0,0,,0,0,0,0,0,,,0,0,,0,,0,0,0,0,,0,0,2,,,0,5,0,1,,1,0,0,,7,0,1,13,2,3,1,,,0,1,0,0,,0,0,0,0,0,0,,0,0,0,0,222,0,0,0,0,0,0,0,1,17,1,0,0,0,,0,0,0,0,0,,0,0,,7,950,1,,0,1,0,,,0,0,0
"Micronesia, Fed. Sts.",0,0,0,,,0,0,0,0,,0,0,0,,,0,0,0,0,0,0,,0,0,0,0,0,,0,0,0,0,0,,0,,,,0,0,0,,,0,0,0,,0,0,0,0,0,0,0,0,0,,0,0,,0,0,0,,,0,0,0,0,0,0,,0,0,0,0,0,0,0,0,0,0,0,0,0,0,0,0,0,0,0,0,0,0,,0,0,0,0,0,0,,,0,0,0,0,,0,0,0,0,0,,,0,0,,0,,0,0,0,0,,0,0,0,,,0,0,0,0,,0,0,0,,0,0,0,0,0,0,0,,,0,0,0,0,,0,0,0,0,0,0,,0,0,0,0,0,0,0,0,0,0,0,0,0,0,0,0,0,0,,0,0,0,0,0,,0,0,,0,2,0,,0,0,0,,,0,0,0
"Moldova",0,0,0,,,0,0,0,0,,0,0,0,,,0,0,1,0,0,0,,0,0,0,0,0,,46,0,0,0,0,,0,,,,0,0,0,,,0,0,0,,0,0,0,0,0,0,0,0,0,,0,0,,0,0,0,,,0,0,0,0,0,0,,0,0,0,0,0,0,0,0,0,0,0,0,0,0,0,0,0,0,0,0,0,0,,0,0,0,0,0,0,,,0,0,0,0,,0,0,0,0,0,,,0,0,,0,,0,0,0,0,,0,0,0,,,0,0,0,0,,0,0,0,,0,0,0,0,0,0,0,,,0,68,0,0,,0,0,0,0,0,0,,0,0,0,0,0,0,0,0,0,0,0,0,0,0,0,0,0,0,,0,0,0,0,0,,0,160,,0,0,0,,0,0,0,,,0,0,0
"Monaco",0,0,0,,,0,0,0,0,,0,0,0,,,0,0,0,16,0,0,,0,0,0,0,0,,0,0,0,0,0,,0,,,,0,0,0,,,0,0,0,,0,0,0,0,0,0,0,0,0,,0,0,,0,0,103,,,0,0,0,0,0,0,,0,0,0,0,0,0,0,0,0,0,0,0,0,0,0,12,0,0,0,0,0,0,,0,0,0,0,0,0,,,0,0,0,0,,0,0,0,0,0,,,0,0,,0,,0,0,0,0,,0,0,0,,,0,0,0,0,,0,0,0,,0,0,0,0,0,0,0,,,0,0,0,0,,0,0,0,0,0,0,,0,0,0,0,0,0,0,0,0,0,0,0,0,0,0,0,0,0,,0,0,0,0,0,,0,0,,3,1,0,,0,0,0,,,0,0,0
"Mongolia",0,0,0,,,0,0,0,0,,0,0,0,,,0,0,0,0,0,0,,0,0,0,0,0,,0,0,0,0,0,,0,,,,0,14,0,,,0,0,0,,0,0,0,0,0,0,0,0,0,,0,0,,0,0,0,,,0,0,0,0,0,0,,0,0,0,0,0,0,0,0,0,0,0,0,0,0,0,0,0,0,0,0,0,2,,0,0,0,0,0,0,,,0,0,0,0,,0,0,0,0,0,,,0,0,,0,,0,0,0,0,,0,0,0,,,0,0,0,0,,0,0,0,,0,0,0,0,0,0,0,,,0,2,0,0,,0,0,0,0,0,0,,0,0,0,0,0,0,0,0,0,0,0,0,0,0,0,0,0,0,,0,0,0,0,0,,0,0,,0,0,0,,0,0,0,,,0,0,0
"Montenegro",0,0,0,,,0,0,0,0,,0,0,0,,,0,0,0,0,0,0,,0,0,0,0,0,,0,0,0,0,0,,0,,,,0,0,0,,,0,0,0,,0,0,0,0,0,0,0,0,0,,0,0,,0,0,0,,,0,0,0,0,0,0,,0,0,0,0,0,0,0,0,0,0,0,0,0,0,0,0,0,0,0,0,0,0,,0,0,0,0,0,0,,,0,0,0,0,,0,0,0,0,0,,,0,0,,0,,0,0,0,0,,0,0,0,,,0,0,0,0,,0,0,0,,0,0,0,0,0,0,0,,,0,0,0,0,,0,0,0,0,0,0,,0,0,0,0,0,0,0,0,0,0,0,0,0,0,0,0,0,0,,0,0,0,0,0,,0,0,,0,0,0,,0,0,0,,,0,0,0
"Morocco",0,0,0,,,0,0,0,0,,0,0,0,,,0,0,0,0,0,0,,0,0,0,0,0,,0,0,0,0,0,,0,,,,0,0,0,,,0,0,0,,0,0,0,0,0,0,0,0,0,,0,0,,0,0,0,,,0,0,0,0,0,0,,0,0,0,0,0,0,0,0,0,0,0,0,0,0,0,0,0,0,0,0,0,0,,0,0,0,0,0,0,,,0,0,0,0,,0,0,0,0,0,,,0,0,,0,,0,0,0,0,,0,0,0,,,0,0,0,0,,0,0,0,,0,0,0,0,0,0,0,,,0,0,0,0,,0,0,0,0,0,0,,0,0,0,0,0,0,0,0,0,0,0,0,0,0,0,0,0,0,,0,0,0,0,0,,0,0,,0,0,0,,0,0,0,,,0,0,0
"Mozambique",0,0,0,,,0,0,0,0,,0,0,0,,,0,0,0,0,0,0,,0,0,0,0,0,,0,0,0,0,0,,14,,,,0,0,0,,,0,0,0,,0,0,0,0,0,0,0,0,0,,0,0,,0,0,0,,,0,0,0,0,0,0,,0,0,0,0,0,0,0,0,0,46,0,0,0,0,0,0,0,0,0,0,0,0,,0,0,0,0,29,0,,,0,0,0,0,,1,0,0,0,0,,,0,0,,0,,0,0,0,0,,6,0,0,,,0,0,0,0,,0,0,17,,0,0,0,0,0,0,114,,,0,0,0,0,,0,0,0,0,0,0,,0,0,0,172,0,0,0,0,0,0,0,1,0,0,0,0,3,0,,0,0,0,0,0,,0,0,,0,0,0,,0,0,0,,,0,1,0
"Myanmar",0,0,0,,,0,0,0,0,,0,0,0,,,2,0,0,0,0,0,,0,0,0,0,0,,0,0,0,0,0,,0,,,,0,229,0,,,0,0,0,,0,0,0,0,0,0,0,0,0,,0,0,,0,0,0,,,0,0,0,0,0,0,,0,0,0,0,0,0,0,0,0,123,0,0,0,0,0,0,0,0,0,0,0,0,,0,0,0,0,0,0,,,0,0,0,0,,0,0,0,0,0,,,0,0,,0,,0,0,0,0,,0,0,0,,,0,0,0,0,,0,0,7,,0,0,0,0,0,0,0,,,0,0,0,0,,0,0,0,0,0,0,,0,0,0,0,0,0,0,0,0,0,0,0,0,0,0,0,0,0,,0,0,0,0,0,,0,0,,0,0,0,,0,0,0,,,0,0,0
"Namibia",0,0,0,,,0,0,0,0,,0,0,0,,,0,0,0,0,0,0,,0,0,0,2,0,,0,0,0,0,0,,0,,,,0,0,0,,,0,0,0,,0,0,0,0,0,0,0,0,0,,0,0,,0,0,0,,,0,0,0,0,0,0,,0,0,0,0,0,0,0,0,0,0,0,0,0,0,0,0,0,0,0,0,0,0,,0,0,0,0,0,0,,,0,0,0,0,,0,0,0,0,0,,,0,0,,0,,0,0,0,0,,0,0,0,,,0,0,0,0,,0,0,0,,0,0,0,0,0,0,0,,,0,0,0,0,,0,0,0,0,0,0,,0,0,0,39,0,0,0,0,0,0,0,0,0,0,0,0,0,0,,0,0,0,0,0,,0,0,,0,0,0,,0,0,0,,,0,3,0
"Nepal",0,0,0,,,0,0,0,0,,8,0,0,,,1,0,0,0,0,0,,7,0,0,0,0,,0,0,0,0,0,,0,,,,0,61,0,,,0,0,0,,0,0,0,0,0,0,0,0,0,,0,0,,0,0,0,,,0,0,0,0,0,0,,0,0,0,0,0,0,0,0,0,"3,224",0,0,0,0,0,0,0,0,0,0,0,0,,0,0,0,0,0,0,,,0,0,0,0,,0,0,1,0,0,,,0,0,,0,,0,0,0,0,,0,0,0,,,1,0,0,0,,0,0,39,,0,0,0,0,0,0,0,,,0,0,0,0,,0,0,0,0,0,0,,0,0,0,0,0,2,0,0,0,0,0,0,0,0,0,0,0,0,,0,0,0,0,0,,0,0,,0,0,0,,0,0,0,,,0,0,0
"Netherlands",10,1,6,,,0,0,2,4,,37,32,4,,,5,0,0,"1,063",0,0,,0,1,1,0,45,,10,0,1,1,1,,13,,,,0,272,26,,,3,1,0,,0,20,15,0,0,25,4,73,1,,4,10,,0,6,229,,,1,1,455,3,4,0,,3,1,0,2,2,2,5,30,0,103,517,26,11,4,7,38,2,22,5,0,8,33,,0,0,8,39,0,5,,,13,27,0,0,,0,3,0,0,0,,,1,5,,0,,4,0,409,0,,0,8,0,,,5,1,0,151,,10,1,40,,1,0,0,9,56,94,23,,,12,3,2,0,,0,2,3,0,0,3,,7,0,0,17,136,36,0,0,0,9,3,0,9,47,18,1,1,60,,2,0,0,15,44,,3,2,,83,43,0,,0,1,56,,,1,0,0
"Netherlands Antilles",0,0,0,,,0,1,0,0,,0,0,0,,,0,0,0,0,0,0,,0,0,0,0,0,,0,0,0,0,0,,0,,,,0,0,5,,,0,0,0,,0,0,0,0,0,27,0,0,0,,0,0,,0,0,2,,,0,0,0,0,0,0,,0,0,0,1,2,0,0,0,0,0,0,0,0,0,0,0,3,1,0,0,0,0,,0,0,0,12,0,0,,,0,0,0,0,,0,0,0,0,0,,,0,0,,0,,0,0,0,0,,0,0,15,,,0,0,0,0,,0,0,0,,0,0,0,0,0,0,2,,,0,0,0,0,,0,0,0,0,0,0,,0,0,0,0,0,0,1,0,0,0,0,0,0,0,0,0,0,0,,0,0,0,0,0,,0,0,,0,2,0,,0,0,0,,,0,0,0
"New Caledonia",0,0,0,,,0,0,0,0,,0,0,0,,,0,0,0,0,0,0,,0,0,0,0,0,,0,0,0,0,0,,0,,,,0,0,0,,,0,0,0,,0,0,0,0,0,0,0,0,0,,0,0,,2,0,0,,,0,0,0,0,0,0,,0,0,0,0,0,0,0,0,0,0,3,0,0,0,0,0,0,0,0,0,0,0,,0,0,0,0,0,0,,,0,0,0,0,,0,0,0,0,0,,,0,0,,0,,0,0,0,0,,0,0,0,,,0,0,0,0,,0,0,0,,0,2,0,0,0,0,0,,,0,0,0,0,,0,0,0,0,0,0,,0,0,0,0,0,0,0,0,0,0,0,0,0,0,0,0,0,0,,0,0,0,0,0,,0,0,,0,0,0,,2,0,2,,,0,0,0
"New Zealand",1,0,0,,,0,0,1,0,,250,7,0,,,6,0,0,17,0,0,,0,0,1,0,7,,1,0,0,4,0,,0,,,,0,578,1,,,0,0,4,,0,5,8,0,0,0,0,9,0,,0,1,,35,1,39,,,0,0,45,0,1,0,,0,0,0,0,0,0,4,6,0,287,16,3,2,7,1,3,0,36,2,0,5,162,,0,0,1,5,0,0,,,0,1,0,1,,0,13,0,0,0,,,1,1,,0,,0,0,0,0,,0,4,43,,,0,0,0,13,,2,1,8,,0,0,0,1,88,5,0,,,3,2,0,60,,0,1,0,0,0,0,,1,1,0,58,4,26,0,0,0,1,0,0,3,25,1,0,0,34,,0,34,0,0,0,,1,1,,474,37,0,,2,0,22,,,0,1,0
"Nicaragua",0,0,0,,,0,0,0,0,,0,0,0,,,0,0,0,1,0,0,,0,0,0,0,1,,0,0,0,0,0,,0,,,,0,0,1,,,26,0,0,,0,0,0,0,0,0,0,0,7,,0,0,,0,0,2,,,0,0,2,0,0,0,,5,0,0,0,0,44,0,0,0,0,0,0,0,0,0,0,0,0,0,0,0,0,,0,0,0,0,0,0,,,0,0,0,0,,0,0,0,0,0,,,0,2,,0,,0,0,0,0,,0,0,0,,,0,0,0,0,,0,0,0,,2,0,0,1,0,0,0,,,0,0,0,0,,0,0,0,0,0,0,,0,0,0,0,5,0,0,0,0,0,0,0,0,1,0,0,0,0,,0,0,0,0,0,,0,0,,0,8,0,,0,0,0,,,0,0,0
"Niger",0,0,0,,,0,0,0,0,,0,0,0,,,0,0,0,0,0,8,,0,0,0,0,0,,0,2,0,0,0,,0,,,,0,0,0,,,0,0,0,,0,0,0,0,0,0,0,0,0,,0,0,,0,0,0,,,0,0,0,0,0,0,,0,0,0,0,0,0,0,0,0,0,0,0,0,0,0,0,0,0,0,0,0,0,,0,0,0,0,0,0,,,0,0,0,0,,0,0,0,21,0,,,0,0,,0,,0,0,0,0,,0,0,0,,,0,0,0,367,,0,0,0,,0,0,0,0,0,0,0,,,0,0,0,0,,0,0,0,0,0,0,,0,0,0,0,0,0,0,0,0,0,0,0,0,0,0,0,0,0,,8,0,0,0,0,,0,0,,0,0,0,,0,0,0,,,0,0,0
"Nigeria",0,0,0,,,0,0,0,0,,4,0,0,,,0,0,0,0,0,73,,0,0,0,0,0,,0,1,0,0,6,,3,,,,0,0,0,,,0,1,0,,0,0,0,0,0,0,0,43,0,,0,0,,0,0,0,,,5,0,0,21,0,0,,0,1,1,0,0,0,0,0,0,0,0,0,0,0,0,0,0,0,0,0,0,0,,0,0,0,0,0,10,,,0,0,0,0,,0,0,0,49,0,,,0,0,,0,,0,0,0,0,,0,0,0,,,0,0,27,0,,0,0,0,,0,0,0,0,0,0,0,,,0,0,0,0,,0,0,7,0,0,1,,0,0,0,0,0,0,0,0,0,0,0,0,0,0,0,0,0,0,,76,0,0,0,0,,0,0,,0,0,0,,0,0,0,,,0,0,0
"Northern Mariana Islands",0,0,0,,,0,0,0,0,,0,0,0,,,2,0,0,0,0,0,,0,0,0,0,0,,0,0,0,0,0,,0,,,,0,108,0,,,0,0,0,,0,0,0,0,0,0,0,0,0,,0,0,,0,0,0,,,0,0,0,0,0,0,,0,0,0,0,0,0,0,0,0,0,0,0,0,0,0,0,0,4,0,0,0,11,,0,0,0,0,0,0,,,0,0,0,0,,0,0,0,0,0,,,0,0,,0,,0,0,0,0,,0,1,0,,,0,0,0,0,,0,0,0,,0,0,0,0,69,0,0,,,0,0,0,0,,0,0,0,0,0,0,,0,0,0,0,0,0,0,0,0,0,0,0,0,0,0,0,0,0,,0,0,0,0,0,,0,0,,0,5,0,,0,0,0,,,0,0,0
"Norway",2,0,2,,,0,0,1,0,,6,8,0,,,4,0,0,30,0,0,,0,1,25,0,10,,2,0,0,0,0,,0,,,,0,55,13,,,1,0,6,,0,6,140,0,0,2,2,5,1,,2,8,,0,27,52,,,3,0,75,1,0,0,,3,0,0,0,0,1,1,11,5,65,4,18,8,1,1,5,0,5,1,0,6,51,,0,0,2,24,0,0,,,4,4,0,1,,0,0,0,0,0,,,0,1,,1,,0,0,17,0,,0,4,12,,,1,0,0,24,,0,0,89,,0,0,0,3,68,23,2,,,3,4,1,0,,0,0,1,0,0,0,,2,0,0,2,20,48,0,0,0,2,0,0,112,17,4,1,0,48,,0,0,0,3,3,,3,1,,39,41,0,,0,0,92,,,0,0,0
"Oman",0,0,0,,,0,0,0,0,,0,0,0,,,525,0,0,0,0,0,,0,0,0,0,0,,0,0,0,0,0,,0,,,,0,0,0,,,0,0,0,,0,0,0,0,0,0,0,231,0,,0,0,,0,0,6,,,0,0,0,0,0,0,,0,0,0,0,0,0,0,0,0,"2,614",0,0,0,0,0,0,0,0,65,0,0,0,,0,0,0,0,0,0,,,0,0,0,0,,0,0,0,0,0,,,0,0,,0,,0,0,0,0,,0,0,3,,,0,0,0,0,,0,0,284,,0,0,0,0,77,0,0,,,0,0,0,0,,0,0,0,0,0,0,,0,0,0,0,0,132,0,0,0,19,0,0,0,0,0,0,0,0,,0,0,0,0,0,,0,0,,19,0,0,,0,0,0,,,0,0,0
"Pakistan",0,0,0,,,0,0,0,0,,0,0,0,,,0,0,0,0,0,0,,0,0,0,0,0,,0,0,0,0,0,,0,,,,0,0,0,,,0,0,0,,0,0,0,0,0,0,0,0,0,,0,0,,0,0,0,,,0,0,0,0,0,0,,0,0,0,0,0,0,0,0,0,0,0,0,0,0,0,0,0,0,0,0,0,0,,0,0,0,0,0,0,,,0,0,0,0,,0,0,0,0,0,,,0,0,,0,,0,0,0,0,,0,0,0,,,0,0,0,0,,0,0,0,,0,0,0,0,0,0,0,,,0,0,0,0,,0,0,0,0,0,0,,0,0,0,0,0,0,0,0,0,0,0,0,0,0,0,0,0,0,,0,0,0,0,0,,0,0,,0,0,0,,0,0,0,,,0,0,0
"Palau",0,0,0,,,0,0,0,0,,0,0,0,,,0,0,0,0,0,0,,0,0,0,0,0,,0,0,0,0,0,,0,,,,0,0,0,,,0,0,0,,0,0,0,0,0,0,0,0,0,,0,0,,0,0,0,,,0,0,0,0,0,0,,0,0,0,0,0,0,0,0,0,0,0,0,0,0,0,0,0,1,0,0,0,1,,0,0,0,0,0,0,,,0,0,0,0,,0,0,0,0,0,,,0,0,,0,,0,0,0,0,,0,0,0,,,0,0,0,0,,0,0,0,,0,0,0,0,11,0,0,,,0,0,0,0,,0,0,0,0,0,0,,0,0,0,0,0,0,0,0,0,0,0,0,0,0,0,0,0,0,,0,0,0,0,0,,0,0,,0,1,0,,0,0,0,,,0,0,0
"Panama",0,0,0,,,0,0,1,0,,0,0,0,,,0,0,0,1,0,0,,0,0,0,0,4,,0,0,0,0,0,,0,,,,0,82,56,,,25,0,0,,0,0,0,0,0,24,6,0,7,,0,0,,0,0,5,,,0,0,2,0,0,0,,4,0,0,0,0,5,0,0,0,15,0,0,0,0,1,2,1,2,1,0,0,1,,0,0,0,5,0,0,,,0,0,0,0,,0,0,0,0,0,,,0,6,,0,,0,0,0,0,,0,0,0,,,0,9,0,0,,0,0,0,,0,0,0,9,3,0,0,,,0,0,0,0,,0,0,0,0,0,0,,0,0,0,0,26,0,0,0,0,0,0,0,0,2,0,0,0,0,,0,0,0,0,0,,0,0,,1,14,0,,0,0,0,,,0,0,0
"Papua New Guinea",0,0,0,,,0,0,0,0,,56,0,0,,,0,0,0,0,0,0,,0,0,0,0,0,,0,0,0,0,0,,0,,,,0,2,0,,,0,0,0,,0,0,0,0,0,0,0,0,0,,0,0,,0,0,0,,,0,0,3,0,0,0,,0,0,0,0,0,0,0,0,0,1,1,0,0,0,0,0,0,1,0,0,0,0,,0,0,0,0,0,0,,,0,0,0,0,,0,0,0,0,0,,,0,0,,0,,0,0,0,0,,0,0,1,,,1,0,0,0,,0,0,0,,0,0,0,0,0,0,0,,,0,0,0,0,,0,0,0,0,0,0,,0,0,0,0,0,0,0,0,0,0,0,0,0,0,0,0,0,0,,0,0,0,0,0,,0,0,,5,1,0,,0,0,0,,,0,0,0
"Paraguay",0,0,0,,,0,0,33,0,,0,1,0,,,0,0,0,2,0,0,,0,1,0,0,238,,0,0,0,0,0,,0,,,,0,5,1,,,0,0,0,,0,0,0,0,0,0,0,0,0,,0,0,,0,0,4,,,0,0,7,0,0,0,,0,0,0,0,0,0,0,0,0,0,0,0,0,0,0,1,0,7,0,0,0,9,,0,0,0,5,0,0,,,0,0,0,0,,0,0,0,0,0,,,0,3,,0,,0,0,0,0,,0,0,0,,,0,0,0,0,,0,0,0,,0,0,0,3,0,1,0,,,0,0,0,0,,0,0,0,0,0,0,,0,0,0,0,7,0,0,0,0,0,0,0,0,2,0,0,0,0,,0,0,0,0,0,,0,0,,0,3,1,,0,0,0,,,0,0,0
"Peru",0,0,0,,,0,0,2,0,,0,1,0,,,0,0,0,6,0,0,,0,3,0,0,6,,0,0,0,0,0,,0,,,,0,15,3,,,1,0,0,,0,0,0,0,0,0,2,0,0,,0,0,,0,0,9,,,0,0,5,0,0,0,,0,0,0,0,0,0,0,0,0,1,0,0,0,0,0,4,0,5,0,0,0,2,,0,0,0,1,0,0,,,0,0,0,0,,0,0,0,0,0,,,0,1,,0,,0,0,0,0,,0,0,0,,,0,0,0,0,,0,0,0,,1,0,0,0,1,0,0,,,0,0,0,0,,0,0,0,0,0,0,,0,0,0,0,18,0,0,0,0,0,0,0,0,3,0,0,0,0,,0,0,0,0,0,,0,0,,1,8,0,,0,0,0,,,0,0,0
"Philippines",0,0,1,,,0,4,0,0,,11,10,0,,,2,0,0,23,0,0,,0,1,0,0,16,,1,0,0,0,0,,0,,,,0,245,0,,,0,0,0,,0,0,5,0,0,2,0,2,0,,0,0,,0,1,5,,,0,0,8,0,0,0,,1,0,0,0,0,0,0,1,0,23,13,1,0,0,1,3,0,27,0,0,1,12,,0,0,0,0,0,0,,,0,0,0,0,,0,0,0,0,0,,,0,0,,0,,0,0,0,0,,0,2,1,,,0,0,0,5,,6,0,3,,0,0,0,1,0,0,0,,,0,0,0,0,,0,1,0,0,0,0,,0,0,0,0,1,0,0,0,0,0,0,0,0,4,0,0,0,1,,0,0,0,1,0,,0,0,,74,84,0,,0,0,2,,,0,0,0
"Poland",0,0,1,,,0,0,0,3,,2,20,0,,,0,0,42,58,0,0,,0,0,4,0,1,,2,0,0,0,0,,0,,,,0,5,0,,,0,0,2,,0,35,4,0,0,0,0,1,0,,1,0,,0,1,400,,,0,0,402,0,1,0,,0,0,0,0,0,0,0,6,0,2,0,0,0,0,1,7,0,1,1,0,0,1,,0,0,6,3,0,0,,,266,3,0,0,,0,0,0,0,0,,,0,0,,1,,3,0,0,0,,0,0,2,,,0,0,0,6,,1,0,0,,0,0,0,0,0,0,0,,,5,27,0,0,,0,0,0,0,0,0,,5,1,0,0,6,0,0,0,0,0,0,0,2,3,1,0,0,0,,0,0,0,1,0,,0,331,,5,17,0,,0,0,9,,,0,0,0
"Portugal",0,0,0,,,0,0,1,0,,6,3,0,,,1,0,0,89,0,0,,0,0,0,0,243,,1,0,0,0,0,,59,,,,0,21,1,,,0,0,0,,0,1,3,0,0,0,1,1,0,,1,0,,0,1,"1,488",,,0,0,132,0,0,0,,0,0,16,0,0,0,0,1,0,54,0,0,0,1,0,6,0,1,0,0,1,1,,0,0,0,1,0,0,,,1,133,5,0,,0,0,0,0,0,,,0,1,,11,,0,0,4,16,,0,0,8,,,0,0,0,5,,2,0,4,,1,0,0,1,2,1,0,,,5,2,0,0,,4,0,2,0,0,0,,0,0,0,20,143,0,0,0,0,0,0,0,2,139,0,0,0,0,,0,0,0,0,0,,0,16,,25,19,0,,0,7,0,,,0,0,0
"Puerto Rico",0,0,0,,,0,0,0,0,,0,0,0,,,0,0,0,0,0,0,,0,0,0,0,0,,0,0,0,0,0,,0,,,,0,0,0,,,0,0,0,,0,0,0,0,0,0,0,0,0,,0,0,,0,0,0,,,0,0,0,0,0,0,,0,0,0,0,0,0,0,0,0,0,0,0,0,0,0,0,0,0,0,0,0,0,,0,0,0,0,0,0,,,0,0,0,0,,0,0,0,0,0,,,0,0,,0,,0,0,0,0,,0,0,0,,,0,0,0,0,,0,0,0,,0,0,0,0,0,0,0,,,0,0,0,0,,0,0,0,0,0,0,,0,0,0,0,0,0,0,0,0,0,0,0,0,0,0,0,0,0,,0,0,0,0,0,,0,0,,0,377,0,,0,0,0,,,0,0,0
"Qatar",0,0,0,,,0,0,0,0,,0,0,0,,,0,0,0,0,0,0,,0,0,0,0,0,,0,0,0,0,0,,0,,,,0,0,0,,,0,0,0,,0,0,0,0,0,0,0,698,0,,0,0,,0,0,0,,,0,0,0,0,0,0,,0,0,0,0,0,0,0,0,0,"2,294",0,183,0,0,0,0,0,0,0,0,0,0,,0,0,0,0,0,0,,,0,0,0,0,,0,0,0,0,0,,,0,0,,0,,0,0,0,0,,0,"1,987",0,,,0,0,0,0,,0,0,"1,233",,0,0,0,0,965,0,0,,,0,0,0,0,,0,0,0,0,0,0,,0,0,0,0,0,407,0,0,0,0,0,0,0,0,0,0,0,0,,0,0,0,0,0,,0,0,,0,0,0,,0,0,0,,,0,0,0
"Romania",0,0,0,,,0,0,0,0,,0,0,0,,,0,0,0,0,0,0,,0,0,0,0,0,,22,0,0,0,0,,0,,,,0,13,0,,,0,0,3,,0,0,0,0,0,0,0,0,0,,0,0,,0,0,0,,,0,0,9,0,2,0,,0,0,0,0,0,0,0,25,0,0,0,0,0,0,0,5,0,0,0,0,0,0,,0,0,0,10,0,0,,,0,0,0,0,,0,0,0,0,0,,,0,0,,85,,0,0,0,0,,0,0,0,,,0,0,0,0,,0,0,0,,0,0,0,0,0,0,0,,,0,4,0,0,,0,0,0,0,0,0,,0,0,0,0,0,0,0,0,0,0,0,0,0,0,15,0,0,0,,0,0,0,0,1,,0,13,,0,3,0,,0,0,0,,,0,0,0
"Russian Federation",0,0,0,,,0,0,0,827,,0,0,"1,125",,,0,0,358,0,0,0,,0,0,0,0,0,,0,0,0,0,0,,0,,,,0,0,0,,,0,0,0,,0,0,0,0,0,0,0,0,0,,155,0,,0,0,0,,,0,663,0,0,0,0,,0,0,0,0,0,0,0,0,0,0,0,0,0,0,0,0,0,0,0,117,0,0,,"1,600",0,270,0,0,0,,,276,0,0,0,,0,0,0,0,0,,,0,0,,671,,0,0,0,0,,0,0,0,,,0,0,0,0,,0,0,0,,0,0,0,0,0,0,0,,,0,0,0,0,,0,0,0,0,0,0,,0,0,0,0,0,0,0,0,0,0,0,0,0,0,0,"2,159",0,0,,0,0,0,0,0,,0,"3,628",,0,0,0,,0,0,0,,,0,0,0
"Rwanda",0,0,0,,,0,0,0,0,,0,0,0,,,0,0,0,54,0,0,,0,0,0,0,0,,0,0,4,0,0,,0,,,,0,0,0,,,0,0,0,,0,0,0,0,0,0,0,0,0,,0,0,,0,0,0,,,0,0,0,0,0,0,,0,0,0,0,0,0,0,0,0,10,0,0,0,0,0,0,0,0,0,0,0,0,,0,0,0,0,0,0,,,0,0,0,0,,0,0,0,0,0,,,0,0,,0,,0,0,0,0,,0,0,0,,,0,0,0,0,,0,0,0,,0,0,0,0,0,0,0,,,0,0,0,0,,0,0,0,0,0,0,,0,0,0,0,0,0,0,0,0,0,0,0,0,0,0,0,1,0,,0,0,0,0,0,,19,0,,0,0,0,,0,0,0,,,0,0,0
"Samoa",0,0,0,,,0,0,0,0,,2,0,0,,,0,0,0,0,0,0,,0,0,0,0,0,,0,0,0,0,0,,0,,,,0,1,0,,,0,0,0,,0,0,0,0,0,0,0,0,0,,0,0,,0,0,0,,,0,0,0,0,0,0,,0,0,0,0,0,0,0,0,0,0,0,0,0,0,0,0,0,0,0,0,0,0,,0,0,0,0,0,0,,,0,0,0,0,,0,0,0,0,0,,,0,0,,0,,0,0,0,0,,0,0,0,,,4,0,0,0,,0,0,0,,0,0,0,0,0,0,0,,,0,0,0,0,,0,0,0,0,0,0,,0,0,0,0,0,0,0,0,0,0,0,0,0,0,0,0,0,0,,0,0,0,0,0,,0,0,,0,1,0,,0,0,0,,,0,0,0
"San Marino",0,0,0,,,0,0,0,0,,0,0,0,,,0,0,0,0,0,0,,0,0,0,0,0,,0,0,0,0,0,,0,,,,0,0,0,,,0,0,0,,0,0,0,0,0,0,0,0,0,,0,0,,0,0,0,,,0,0,0,0,0,0,,0,0,0,0,0,0,0,0,0,0,0,0,0,0,0,23,0,0,0,0,0,0,,0,0,0,0,0,0,,,0,0,0,0,,0,0,0,0,0,,,0,0,,0,,0,0,0,0,,0,0,0,,,0,0,0,0,,0,0,0,,0,0,0,0,0,0,0,,,0,0,0,0,,0,0,0,0,0,0,,0,0,0,0,0,0,0,0,0,0,0,0,0,0,0,0,0,0,,0,0,0,0,0,,0,0,,0,0,0,,0,0,0,,,0,0,0
"São Tomé and Principe",0,0,0,,,0,0,0,0,,0,0,0,,,0,0,0,0,0,0,,0,0,0,0,0,,0,0,0,0,0,,1,,,,0,0,0,,,0,0,0,,0,0,0,0,0,0,0,0,0,,0,0,,0,0,0,,,0,0,0,0,0,0,,0,0,0,0,0,0,0,0,0,0,0,0,0,0,0,0,0,0,0,0,0,0,,0,0,0,0,0,0,,,0,0,0,0,,0,0,0,0,0,,,0,0,,0,,0,0,0,0,,0,0,0,,,0,0,0,0,,0,0,0,,0,0,0,0,0,0,1,,,0,0,0,0,,0,0,0,0,0,0,,0,0,0,0,0,0,0,0,0,0,0,0,0,0,0,0,0,0,,0,0,0,0,0,,0,0,,0,0,0,,0,0,0,,,0,0,0
"Saudi Arabia",4,0,0,,,0,0,0,0,,0,0,0,,,"1,547",0,0,0,0,0,,0,0,0,0,0,,0,0,0,0,0,,0,,,,0,0,0,,,0,0,0,,0,0,0,0,0,0,0,"5,667",0,,0,26,,0,0,0,,,0,0,0,0,0,0,,0,0,0,0,0,0,0,0,0,"8,382",839,0,0,0,0,0,0,0,948,0,0,0,,0,0,0,627,0,0,,,0,0,0,0,,0,0,0,0,0,,,0,0,,0,,0,0,43,0,,0,105,0,,,0,0,0,329,,0,0,"2,967",,0,0,0,0,"2,801",0,0,,,0,0,0,0,,0,0,0,0,0,0,,0,0,0,0,0,"1,257",0,0,0,407,0,0,0,0,255,0,0,116,,0,0,0,40,19,,0,0,,57,68,0,,0,0,0,,,"1,142",0,0
"Senegal",0,0,0,,,0,0,0,0,,0,0,0,,,0,0,0,0,0,0,,0,0,0,0,0,,0,0,0,0,0,,6,,,,0,0,0,,,0,0,0,,0,0,0,0,0,0,0,0,0,,0,0,,0,0,190,,,4,0,0,0,0,0,,0,9,6,0,0,0,0,0,0,0,0,0,0,0,0,0,0,0,0,0,0,0,,0,0,0,6,0,0,,,0,0,0,0,,0,0,0,6,0,,,0,0,,0,,0,0,5,0,,0,0,0,,,0,0,0,0,,0,0,0,,0,0,0,0,0,0,0,,,0,0,0,0,,0,0,0,0,0,0,,0,0,0,0,0,0,0,0,0,0,0,0,0,0,2,0,0,0,,0,0,0,0,0,,0,0,,0,1,0,,0,0,0,,,0,0,0
"Serbia",0,0,0,,,0,0,0,0,,0,0,0,,,0,0,0,0,0,0,,0,0,0,0,0,,0,0,0,0,0,,0,,,,0,0,0,,,0,0,0,,0,0,0,0,0,0,0,0,0,,0,0,,0,0,0,,,0,0,0,0,0,0,,0,0,0,0,0,0,0,0,0,0,0,0,0,0,0,0,0,0,0,0,0,0,,0,0,0,0,0,0,,,0,0,0,0,,0,0,0,0,0,,,0,0,,0,,0,0,0,0,,0,0,0,,,0,0,0,0,,0,0,0,,0,0,0,0,0,0,0,,,0,0,0,0,,0,0,0,0,0,0,,0,0,0,0,0,0,0,0,0,0,0,0,0,0,0,0,0,0,,0,0,0,0,0,,0,0,,0,0,0,,0,0,0,,,0,0,0
"Seychelles",0,0,0,,,0,0,0,0,,0,0,0,,,0,0,0,0,0,0,,0,0,0,0,0,,0,0,0,0,0,,0,,,,0,0,0,,,0,0,0,,0,0,0,0,0,0,0,0,0,,0,0,,0,0,0,,,0,0,0,0,0,0,,0,0,0,0,0,0,0,0,0,0,0,0,0,0,0,0,0,0,0,0,0,0,,0,0,0,0,0,0,,,0,0,0,0,,0,0,0,0,0,,,0,0,,0,,0,0,0,0,,0,0,0,,,0,0,0,0,,0,0,0,,0,0,0,0,0,0,0,,,0,0,0,0,,0,0,0,0,0,0,,0,0,0,0,0,0,0,0,0,0,0,0,0,0,0,0,0,0,,0,0,0,0,0,,0,0,,0,0,0,,0,0,0,,,0,0,0
"Sierra Leone",0,0,0,,,0,0,0,0,,0,0,0,,,0,0,0,0,0,0,,0,0,0,0,0,,0,0,0,0,0,,0,,,,0,0,0,,,0,0,0,,0,0,0,0,0,0,0,0,0,,0,0,,0,0,0,,,2,0,0,0,0,0,,0,7,0,0,0,0,0,0,0,2,0,0,0,0,0,0,0,0,0,0,0,0,,0,0,0,9,0,10,,,0,0,0,0,,0,0,0,0,0,,,0,0,,0,,0,0,0,0,,0,0,0,,,0,0,0,29,,0,0,0,,0,0,0,0,0,0,0,,,0,0,0,0,,0,0,1,0,0,0,,0,0,0,0,0,0,0,0,0,0,0,0,0,0,0,0,0,0,,0,0,0,0,0,,0,0,,1,1,0,,0,0,0,,,0,0,0
"Singapore",0,0,0,,,0,0,0,0,,0,0,0,,,105,0,0,0,0,0,,0,0,0,0,0,,0,0,0,0,0,,0,,,,0,"3,929",0,,,0,0,0,,0,0,0,0,0,0,0,0,0,,0,0,,0,0,0,,,0,0,0,0,0,0,,0,0,0,0,0,0,1,0,0,"1,225",401,0,0,0,0,0,0,0,0,0,0,0,,0,0,0,0,0,0,,,0,0,0,0,,0,927,0,0,0,,,0,0,,0,,0,0,0,0,,0,0,0,,,0,0,0,0,,0,0,95,,0,0,0,0,0,0,0,,,0,0,0,0,,0,0,0,0,0,0,,0,0,0,0,0,12,0,0,0,0,0,0,0,0,0,0,0,0,,0,0,0,0,0,,0,0,,0,20,0,,0,0,0,,,0,0,0
"Slovak Republic",0,0,0,,,0,0,0,0,,1,12,0,,,0,0,0,12,0,0,,0,0,0,0,0,,1,0,0,0,0,,0,,,,0,7,0,,,0,0,1,,0,352,1,0,0,0,0,1,0,,0,0,,0,0,24,,,0,0,11,0,0,0,,0,0,0,0,0,0,0,63,0,1,0,0,0,0,1,2,0,1,0,0,0,1,,0,0,0,1,0,0,,,0,0,0,2,,0,0,0,0,0,,,0,0,,0,,0,0,0,0,,0,0,1,,,0,0,0,1,,0,0,0,,0,0,0,0,0,9,0,,,3,2,0,0,,0,0,0,0,0,0,,0,1,0,0,2,0,0,0,0,0,0,0,0,4,1,0,0,0,,0,0,0,0,0,,0,8,,2,4,0,,0,0,6,,,0,0,0
"Slovenia",0,0,0,,,0,0,0,0,,0,4,0,,,0,0,0,1,0,0,,0,0,102,0,0,,0,0,0,0,0,,0,,,,0,0,0,,,0,0,46,,0,2,0,0,0,0,0,0,0,,0,0,,0,0,4,,,0,0,6,0,0,0,,0,0,0,0,0,0,0,1,0,0,0,0,0,0,0,3,0,0,0,0,0,0,,0,0,0,0,0,0,,,0,0,0,13,,0,0,0,0,0,,,0,0,,0,,0,0,0,0,,0,0,0,,,0,0,0,0,,0,0,0,,0,0,0,0,0,0,0,,,0,1,0,0,,0,0,0,0,0,0,,0,0,0,0,0,0,0,0,0,0,0,0,0,1,0,0,0,0,,0,0,0,0,0,,0,2,,1,0,0,,0,0,0,,,0,0,0
"Solomon Islands",0,0,0,,,0,0,0,0,,2,0,0,,,0,0,0,0,0,0,,0,0,0,0,0,,0,0,0,0,0,,0,,,,0,2,0,,,0,0,0,,0,0,0,0,0,0,0,0,0,,0,0,,0,0,0,,,0,0,0,0,0,0,,0,0,0,0,0,0,0,0,0,0,0,0,0,0,0,0,0,1,0,0,0,0,,0,0,0,0,0,0,,,0,0,0,0,,0,0,0,0,0,,,0,0,,0,,0,0,0,0,,0,0,0,,,0,0,0,0,,0,0,0,,0,0,0,0,1,0,0,,,0,0,0,0,,0,0,0,0,0,0,,0,0,0,0,0,0,0,0,0,0,0,0,0,0,0,0,0,0,,0,0,0,0,0,,0,0,,0,0,0,,0,0,0,,,0,0,0
"South Africa",0,0,0,,,0,0,0,0,,10,0,0,,,0,0,0,0,0,0,,0,0,0,36,0,,0,0,0,0,0,,0,,,,0,0,0,,,0,0,0,,0,0,0,0,0,0,0,0,0,,0,0,,0,0,0,,,0,0,0,0,0,0,,0,0,0,0,0,0,0,0,0,0,0,0,0,0,0,0,0,0,0,0,0,0,,0,0,0,0,509,0,,,0,0,0,0,,2,0,0,0,0,,,0,0,,0,,0,0,0,45,,0,0,0,,,1,0,0,0,,0,0,0,,0,0,0,0,0,0,0,,,0,0,0,0,,0,0,0,0,0,0,,0,0,0,0,0,0,0,0,0,0,0,40,0,0,0,0,0,0,,0,0,0,0,0,,0,0,,0,0,0,,0,0,0,,,0,0,0
"Spain",0,1,95,,,0,0,200,23,,23,52,1,,,33,0,2,"1,176",0,0,,0,431,3,0,580,,206,0,0,0,3,,5,,,,0,991,751,,,13,1,4,,0,52,64,0,1,417,"1,180",25,23,,3,1,,0,34,"2,797",,,28,12,"1,048",4,2,0,,34,4,4,0,1,128,0,37,1,203,8,5,1,17,4,190,1,22,14,0,5,19,,1,0,8,39,0,2,,,76,47,0,0,,0,1,0,21,0,,,1,89,,47,,1,0,"1,737",0,,0,5,103,,,1,18,0,934,,79,0,175,,16,0,149,472,198,188,269,,,"1,069",30,1,0,,0,1,154,0,0,1,,26,5,0,3,0,3,0,0,0,1,0,0,55,582,13,0,0,9,,1,0,0,9,1,,0,95,,726,72,29,,1,40,8,,,0,0,0
"Sri Lanka",0,0,0,,,0,0,0,0,,2,0,0,,,0,0,0,0,0,0,,0,0,0,0,0,,0,0,0,0,0,,0,,,,0,2,0,,,0,0,0,,0,0,0,0,0,0,0,0,0,,0,0,,0,0,5,,,0,0,1,0,0,0,,0,0,0,0,0,0,0,0,0,"1,410",0,0,0,0,0,0,0,0,0,0,0,0,,0,0,0,0,0,0,,,0,0,0,0,,0,0,0,0,0,,,0,0,,0,,0,0,0,0,,0,0,0,,,0,0,0,0,,0,0,0,,0,0,0,0,0,0,0,,,0,0,0,0,,0,0,0,0,0,0,,0,0,0,0,0,0,0,0,0,0,0,0,1,0,0,0,0,0,,0,0,0,0,0,,0,0,,1,0,0,,0,0,0,,,0,0,0
"St. Kitts and Nevis",0,0,0,,,0,0,0,0,,0,0,0,,,0,0,0,0,0,0,,0,0,0,0,0,,0,0,0,0,0,,0,,,,0,0,0,,,0,0,0,,0,0,0,0,0,1,0,0,0,,0,0,,0,0,0,,,0,0,0,0,0,0,,0,0,0,1,0,0,0,0,0,0,0,0,0,0,0,0,0,0,0,0,0,0,,0,0,0,0,0,0,,,0,0,0,0,,0,0,0,0,0,,,0,0,,0,,0,0,0,0,,0,0,0,,,0,0,0,0,,0,0,0,,0,0,0,0,0,0,0,,,0,0,0,0,,0,0,0,0,0,0,,0,0,0,0,0,0,0,0,0,0,0,0,0,0,0,0,0,0,,0,0,0,0,0,,0,0,,0,2,0,,0,0,0,,,0,0,0
"St. Lucia",0,0,0,,,0,0,0,0,,0,0,0,,,0,1,0,0,0,0,,0,0,0,0,0,,0,0,0,0,0,,0,,,,0,0,0,,,0,0,0,,0,0,0,0,0,0,0,0,0,,0,0,,0,0,0,,,0,0,0,0,0,0,,0,0,0,0,0,0,0,0,0,0,0,0,0,0,0,0,0,0,0,0,0,0,,0,0,0,0,0,0,,,0,0,0,0,,0,0,0,0,0,,,0,0,,0,,0,0,0,0,,0,0,0,,,0,0,0,0,,0,0,0,,0,0,0,0,0,0,0,,,0,0,0,0,,0,0,0,0,0,0,,0,0,0,0,0,0,0,0,0,0,0,0,0,0,0,0,0,0,,0,0,0,0,0,,0,0,,4,2,0,,0,0,0,,,0,0,0
"St. Vincent and the Grenadines",0,0,0,,,0,0,0,0,,0,0,0,,,0,0,0,0,0,0,,0,0,0,0,0,,0,0,0,0,0,,0,,,,0,0,0,,,0,0,0,,0,0,0,0,0,0,0,0,0,,0,0,,0,0,0,,,0,0,0,0,0,0,,0,0,0,0,0,0,0,0,0,0,0,0,0,0,0,0,0,0,0,0,0,0,,0,0,0,0,0,0,,,0,0,0,0,,0,0,0,0,0,,,0,0,,0,,0,0,0,0,,0,0,0,,,0,0,0,0,,0,0,0,,0,0,0,0,0,0,0,,,0,0,0,0,,0,0,0,0,0,0,,0,0,0,0,0,0,0,0,0,0,0,0,0,0,0,0,0,0,,0,0,1,0,0,,0,0,,1,1,0,,0,0,0,,,0,0,0
"Sudan",0,0,1,,,0,0,0,0,,0,0,0,,,0,0,0,0,0,0,,0,0,0,0,0,,0,0,0,0,0,,0,,,,0,3,0,,,0,0,0,,0,0,0,0,0,0,0,54,0,,0,59,,0,0,2,,,0,0,2,0,0,0,,0,0,0,0,0,0,0,0,0,12,0,0,0,0,0,0,0,0,2,0,0,0,,0,0,0,2,0,0,,,0,0,0,0,,0,0,0,0,0,,,0,0,,0,,0,0,1,0,,0,0,0,,,0,0,0,418,,0,0,1,,0,0,0,0,0,0,0,,,0,0,0,0,,0,1,0,0,0,0,,0,0,0,0,0,0,0,0,0,0,0,0,0,0,1,0,0,0,,0,0,0,1,0,,1,0,,1,1,0,,0,0,0,,,3,0,0
"Suriname",0,0,0,,,0,0,0,0,,0,0,0,,,0,0,0,0,0,0,,0,0,0,0,21,,0,0,0,0,0,,0,,,,0,24,0,,,0,0,0,,0,0,0,0,0,0,0,0,0,,0,0,,0,0,35,,,0,0,0,0,0,0,,0,0,0,6,1,0,0,0,0,0,0,0,0,0,0,0,0,0,0,0,0,0,,0,0,0,0,0,0,,,0,0,0,0,,0,0,0,0,0,,,0,0,,0,,0,0,0,0,,0,0,18,,,0,0,0,0,,0,0,0,,0,0,0,0,0,0,0,,,0,0,0,0,,0,0,0,0,0,0,,0,0,0,0,0,0,0,0,0,0,0,0,0,0,0,0,0,0,,0,0,0,0,0,,0,0,,0,1,0,,0,0,0,,,0,0,0
"Swaziland",0,0,0,,,0,0,0,0,,0,0,0,,,0,0,0,0,0,0,,0,0,0,0,0,,0,0,0,0,0,,0,,,,0,0,0,,,0,0,0,,0,0,0,0,0,0,0,0,0,,0,0,,0,0,0,,,0,0,0,0,0,0,,0,0,0,0,0,0,0,0,0,0,0,0,0,0,0,0,0,0,0,0,0,0,,0,0,0,0,0,0,,,0,0,0,0,,0,0,0,0,0,,,0,0,,0,,0,0,0,2,,0,0,0,,,0,0,0,0,,0,0,0,,0,0,0,0,0,0,0,,,0,0,0,0,,0,0,0,0,0,0,,0,0,0,12,0,0,0,0,0,0,0,0,0,0,0,0,0,0,,0,0,0,0,0,,0,0,,0,0,0,,0,0,0,,,0,0,0
"Sweden",3,1,4,,,0,0,2,2,,11,35,1,,,18,0,1,36,0,0,,0,5,80,0,18,,6,0,0,0,0,,0,,,,0,124,21,,,1,0,13,,0,32,229,0,0,1,4,18,9,,37,15,,0,492,84,,,6,0,185,0,6,0,,5,0,0,0,0,1,0,72,4,105,8,63,32,2,3,17,1,11,10,0,6,56,,1,0,10,282,0,2,,,7,5,0,3,,0,1,0,0,0,,,0,3,,1,,1,0,15,0,,0,2,11,,,1,1,0,31,,195,0,16,,1,0,0,17,46,138,5,,,22,7,0,0,,0,2,1,0,0,0,,13,4,0,2,50,27,0,0,0,2,0,0,0,24,51,1,1,133,,1,0,0,13,9,,9,4,,35,30,1,,0,0,65,,,0,0,0
"Switzerland",1,1,11,,,0,0,4,1,,14,305,0,,,4,0,0,272,0,0,,0,3,73,0,66,,4,0,0,2,2,,2,,,,0,65,14,,,2,1,52,,0,70,22,0,0,21,5,34,2,,1,3,,0,11,"1,272",,,0,0,807,1,4,0,,4,0,0,0,3,2,0,68,0,69,10,6,1,2,3,562,1,18,2,0,8,10,,0,0,2,53,0,1,,,2,46,0,44,,0,1,0,0,0,,,4,6,,1,,2,0,28,0,,0,4,34,,,2,1,0,50,,8,0,10,,1,0,1,17,57,27,206,,,11,4,1,0,,0,1,4,0,0,0,,14,18,0,7,530,99,0,0,0,1,0,0,18,0,5,0,0,63,,1,0,0,24,15,,2,2,,52,46,0,,0,1,47,,,0,0,0
"Syrian Arab Republic",0,0,0,,,0,0,0,0,,0,0,0,,,0,0,0,0,0,0,,0,0,0,0,0,,0,0,0,0,0,,0,,,,0,0,0,,,0,0,0,,0,0,0,0,0,0,0,0,0,,0,0,,0,0,0,,,0,0,0,0,0,0,,0,0,0,0,0,0,0,0,0,0,0,0,0,0,0,0,0,0,0,0,0,0,,0,0,0,0,0,0,,,0,0,0,0,,0,0,0,0,0,,,0,0,,0,,0,0,0,0,,0,0,0,,,0,0,0,0,,0,0,0,,0,0,0,0,0,0,0,,,0,0,0,0,,0,0,0,0,0,0,,0,0,0,0,0,0,0,0,0,0,0,0,0,0,0,0,0,0,,0,0,0,0,0,,0,0,,0,0,0,,0,0,0,,,0,0,0
"Tajikistan",6,0,0,,,0,0,0,0,,0,0,0,,,0,0,0,0,0,0,,0,0,0,0,0,,0,0,0,0,0,,0,,,,0,0,0,,,0,0,0,,0,0,0,0,0,0,0,0,0,,0,0,,0,0,0,,,0,0,0,0,0,0,,0,0,0,0,0,0,0,0,0,0,0,0,0,0,0,0,0,0,0,0,0,0,,7,0,0,0,0,0,,,0,0,0,0,,0,0,0,0,0,,,0,0,,0,,0,0,0,0,,0,0,0,,,0,0,0,0,,0,0,0,,0,0,0,0,0,0,0,,,0,89,0,0,,0,0,0,0,0,0,,0,0,0,0,0,0,0,0,0,0,0,0,0,0,0,0,0,0,,0,0,0,0,0,,0,0,,0,0,0,,0,0,0,,,0,0,0
"Tanzania",0,0,0,,,0,0,0,0,,0,0,0,,,0,0,0,0,0,0,,0,0,0,0,0,,0,0,14,0,0,,0,,,,0,0,0,,,0,0,0,,0,0,2,0,0,0,0,0,0,,0,0,,0,1,0,,,0,0,12,0,0,0,,0,0,0,0,0,0,0,0,0,69,0,0,0,0,0,2,0,0,0,0,118,0,,0,0,0,0,1,0,,,0,0,0,0,,1,0,0,0,0,,,1,0,,0,,0,0,0,8,,2,0,0,,,0,0,0,0,,0,0,3,,0,0,0,0,0,0,0,,,0,0,23,0,,0,0,0,0,2,0,,0,0,0,2,0,0,0,0,0,0,0,0,2,0,0,0,0,0,,0,0,0,0,0,,29,0,,5,6,0,,0,0,0,,,0,6,0
"Thailand",0,0,0,,,0,0,0,0,,15,0,0,,,13,0,0,0,0,0,,0,0,0,0,0,,0,0,0,23,0,,0,,,,0,"2,115",0,,,0,0,0,,0,0,5,0,0,0,0,0,0,,0,0,,0,0,40,,,0,0,26,0,0,0,,0,0,0,0,0,0,0,0,0,109,4,0,0,0,0,4,0,92,0,0,0,17,,0,16,0,0,0,0,,,0,0,0,0,,0,3,0,0,0,,,0,0,,0,,0,0,0,0,,0,132,2,,,9,0,0,0,,9,0,17,,0,0,0,0,13,0,1,,,0,0,0,0,,0,0,0,0,0,0,,0,0,0,0,0,72,0,0,0,0,0,0,4,20,0,0,0,0,,0,0,0,0,0,,0,0,,15,22,0,,0,0,66,,,0,0,0
"Timor-Leste",0,0,0,,,0,0,0,0,,1,0,0,,,0,0,0,0,0,0,,0,0,0,0,0,,0,0,0,0,0,,0,,,,0,0,0,,,0,0,0,,0,0,0,0,0,0,0,0,0,,0,0,,0,0,0,,,0,0,0,0,0,0,,0,0,0,0,0,0,0,0,0,0,27,0,0,0,0,0,0,0,0,0,0,0,,0,0,0,0,0,0,,,0,0,0,0,,0,0,0,0,0,,,0,0,,0,,0,0,0,0,,0,0,0,,,0,0,0,0,,0,0,0,,0,0,0,0,1,0,0,,,0,0,0,0,,0,0,0,0,0,0,,0,0,0,0,0,0,0,0,0,0,0,0,0,0,0,0,0,0,,0,0,0,0,0,,0,0,,0,0,0,,0,0,0,,,0,0,0
"Togo",0,0,0,,,0,0,0,0,,0,0,0,,,0,0,0,0,0,21,,0,0,0,0,0,,0,0,0,0,0,,0,,,,0,0,0,,,0,0,0,,0,0,0,0,0,0,0,0,0,,0,0,,0,0,71,,,0,0,3,4,0,0,,0,0,0,0,0,0,0,0,0,0,0,0,0,0,0,0,0,0,0,0,0,0,,0,0,0,8,0,0,,,0,0,0,0,,0,0,0,1,0,,,0,0,,0,,0,0,0,0,,0,0,0,,,0,0,4,236,,0,0,0,,0,0,0,0,0,0,0,,,0,0,0,0,,0,0,0,0,0,0,,0,0,0,0,0,0,0,0,0,0,0,0,0,0,0,0,0,0,,0,0,0,0,0,,0,0,,0,1,0,,0,0,0,,,0,0,0
"Tonga",0,0,0,,,0,0,0,0,,0,0,0,,,0,0,0,0,0,0,,0,0,0,0,0,,0,0,0,0,0,,0,,,,0,0,0,,,0,0,0,,0,0,0,0,0,0,0,0,0,,0,0,,0,0,0,,,0,0,0,0,0,0,,0,0,0,0,0,0,0,0,0,0,0,0,0,0,0,0,0,0,0,0,0,0,,0,0,0,0,0,0,,,0,0,0,0,,0,0,0,0,0,,,0,0,,0,,0,0,0,0,,0,0,0,,,0,0,0,0,,0,0,0,,0,0,0,0,0,0,0,,,0,0,0,0,,0,0,0,0,0,0,,0,0,0,0,0,0,0,0,0,0,0,0,0,0,0,0,0,0,,0,0,0,0,0,,0,0,,0,0,0,,0,0,0,,,0,0,0
"Trinidad and Tobago",0,0,0,,,0,0,0,0,,0,0,0,,,0,1,0,0,0,0,,0,0,0,0,0,,0,0,0,0,0,,0,,,,0,0,0,,,0,0,0,,0,0,0,0,0,0,0,0,0,,0,0,,0,0,0,,,0,0,0,0,0,7,,0,0,0,3,0,0,0,0,0,3,0,0,0,0,0,0,0,0,0,0,0,0,,0,0,0,0,0,0,,,0,0,0,0,,0,0,0,0,0,,,0,0,,0,,0,0,0,0,,0,0,0,,,0,0,0,0,,0,0,0,,0,0,0,0,0,0,0,,,0,0,0,0,,0,0,0,0,0,0,,0,0,0,0,0,0,0,1,6,0,0,0,0,0,0,0,0,0,,0,0,0,0,0,,0,0,,3,5,0,,0,0,0,,,0,0,0
"Tunisia",0,0,15,,,0,0,0,0,,0,0,0,,,0,0,0,0,0,0,,0,0,0,0,0,,0,0,0,0,0,,0,,,,0,0,0,,,0,0,0,,0,0,0,0,0,0,0,0,0,,0,0,,0,0,38,,,0,0,0,0,0,0,,0,0,0,0,0,0,0,0,0,0,0,0,0,0,0,3,0,0,0,0,0,0,,0,0,0,0,0,0,,,0,0,0,0,,0,0,0,0,0,,,0,0,,0,,0,0,11,0,,0,0,0,,,0,0,0,0,,0,0,0,,0,0,0,0,0,0,0,,,0,0,0,0,,0,0,0,0,0,0,,0,0,0,0,0,0,0,0,0,0,0,0,0,0,0,0,0,0,,0,0,0,0,0,,0,0,,0,0,0,,0,0,0,,,0,0,0
"Turkey",2,2,1,,,0,0,0,1,,12,78,24,,,1,0,0,215,0,0,,0,0,3,0,1,,596,0,0,0,0,,0,,,,0,10,0,,,0,0,0,,8,6,18,0,0,0,0,5,0,,0,0,,0,5,199,,,0,7,"1,177",0,32,0,,0,0,0,0,0,0,0,3,0,3,1,13,2,1,4,6,0,8,5,0,0,3,,6,0,0,13,0,0,,,1,1,0,28,,0,0,0,0,0,,,0,0,,6,,2,0,1,0,,0,0,43,,,0,0,0,6,,16,0,3,,0,0,0,0,3,8,0,,,28,10,0,0,,0,7,0,0,0,0,,1,1,0,0,10,0,0,0,0,0,0,0,13,89,13,2,0,1,,0,0,0,2,0,,0,5,,37,28,0,,0,0,0,,,0,0,0
"Turkmenistan",0,0,0,,,0,0,0,11,,0,0,9,,,0,0,0,0,0,0,,0,0,0,0,0,,0,0,0,0,0,,0,,,,0,0,0,,,0,0,0,,0,0,0,0,0,0,0,0,0,,0,0,,0,0,0,,,0,0,0,0,0,0,,0,0,0,0,0,0,0,0,0,0,0,0,0,0,0,0,0,0,0,1,0,0,,0,0,0,0,0,0,,,0,0,0,0,,0,0,0,0,0,,,0,0,,0,,0,0,0,0,,0,0,0,,,0,0,0,0,,0,0,0,,0,0,0,0,0,0,0,,,0,30,0,0,,0,0,0,0,0,0,,0,0,0,0,0,0,0,0,0,0,0,0,0,0,0,0,0,0,,0,0,0,0,0,,0,4,,0,0,0,,0,0,0,,,0,0,0
"Uganda",0,0,0,,,0,0,0,0,,1,0,0,,,0,0,0,0,0,0,,0,0,0,0,0,,0,0,9,0,0,,0,,,,0,0,0,,,0,0,0,,0,0,0,0,0,0,0,0,0,,0,0,,0,0,0,,,0,0,0,0,0,0,,0,0,0,0,0,0,0,0,0,0,0,0,0,0,0,0,0,0,0,0,53,0,,0,0,0,0,0,0,,,0,0,0,0,,0,0,0,0,0,,,0,0,,0,,0,0,0,0,,0,0,0,,,0,0,0,0,,0,0,0,,0,0,0,0,0,0,0,,,0,0,56,0,,0,0,0,0,0,0,,0,0,0,0,0,0,0,0,0,149,0,0,0,0,0,0,11,0,,0,0,0,0,0,,0,0,,4,3,0,,0,0,0,,,0,0,0
"Ukraine",0,0,0,,,0,0,0,75,,0,0,107,,,0,0,98,0,0,0,,0,0,0,0,0,,0,0,0,0,0,,0,,,,0,0,0,,,0,0,0,,0,0,0,0,0,0,0,0,0,,0,0,,0,0,0,,,0,62,0,0,0,0,,0,0,0,0,0,0,0,0,0,0,0,0,0,0,0,0,0,0,0,10,0,0,,74,0,0,0,0,0,,,0,0,0,0,,0,0,0,0,0,,,0,0,,317,,0,0,0,0,,0,0,0,,,0,0,0,0,,0,0,0,,0,0,0,0,0,0,0,,,0,"1,707",0,0,,0,0,0,0,0,0,,0,0,0,0,0,0,0,0,0,0,0,0,0,0,0,135,0,0,,0,0,0,0,0,,0,0,,0,0,0,,0,0,0,,,0,0,0
"United Arab Emirates",0,0,0,,,0,0,0,0,,0,0,0,,,466,0,0,0,0,0,,0,0,0,0,0,,0,0,0,0,0,,0,,,,0,0,0,,,0,0,0,,0,0,0,0,0,0,0,931,0,,0,0,,0,0,0,,,0,0,0,0,0,0,,0,0,0,0,0,0,0,0,0,"15,685",0,43,0,0,0,0,0,0,0,0,0,0,,0,0,0,0,0,0,,,0,0,0,0,,0,0,0,0,0,,,0,0,,0,,0,0,0,0,,0,0,0,,,0,0,0,0,,0,0,"1,707",,0,0,0,0,741,0,0,,,0,0,0,0,,0,0,0,0,0,0,,0,0,0,0,0,613,0,0,0,58,0,0,0,0,0,0,0,0,,0,0,0,0,0,,0,0,,0,0,0,,0,0,0,,,102,0,0
"United Kingdom",18,2,24,,,0,3,6,1,,443,106,1,,,853,23,1,502,3,0,,0,2,12,3,209,,43,0,1,1,2,,0,,,,0,712,33,,,2,2,17,,50,136,88,1,3,2,9,172,2,,6,11,,4,38,"1,419",,,9,1,"1,152",25,14,11,,4,0,0,22,0,3,50,117,2,"4,267",30,64,19,423,18,223,328,112,25,0,488,60,,1,0,74,176,1,4,,,229,46,2,2,,4,53,0,0,8,,,73,13,,2,,4,0,29,1,,2,223,100,,,76,0,0,"3,842",,73,7,"1,521",,2,0,1,14,639,"1,143",148,,,71,16,4,0,,0,32,3,0,8,14,,159,7,0,299,523,399,11,8,8,24,0,0,49,119,14,1,15,164,,1,0,7,14,16,,149,28,,0,342,0,,1,1,109,,,25,14,0
"United States",22,67,12,,,0,10,105,158,,290,265,15,,,694,41,13,777,68,1,,0,130,168,2,"1,306",,43,0,1,124,15,,24,,,,1,"13,071","1,330",,,361,6,88,,9,180,152,1,17,"2,732","1,047",880,"3,555",,32,181,,41,35,"1,840",,,14,32,"2,568",33,80,30,,"4,400",3,0,255,"1,088","2,579",113,399,10,"11,956",321,379,33,142,200,849,"1,465","1,224",470,1,315,"5,668",,15,71,86,"1,538",1,166,,,96,94,11,7,,0,47,0,4,4,,,4,"22,811",,78,,31,0,214,1,,2,325,157,,,28,430,2,"6,126",,111,4,"1,094",,340,0,56,"1,091","10,604","1,108",319,,,240,216,4,28,,0,58,61,509,2,13,,84,32,0,114,627,132,16,11,8,77,0,0,98,238,185,28,4,"1,140",,8,20,61,31,24,,73,397,,"1,280",0,15,,1,44,"5,679",,,99,4,0
"Uruguay",0,0,0,,,0,0,13,0,,1,1,0,,,0,0,0,4,0,0,,0,0,0,0,38,,0,0,0,0,0,,0,,,,0,0,1,,,0,0,0,,0,0,0,0,0,0,0,0,0,,0,0,,0,0,9,,,0,0,6,0,0,0,,0,0,0,0,0,0,0,1,0,0,0,0,0,0,0,18,0,1,0,0,0,0,,0,0,0,4,0,0,,,1,0,0,0,,0,0,0,0,0,,,0,1,,0,,0,0,0,0,,0,0,0,,,0,0,0,0,,0,0,0,,0,0,2,1,0,3,1,,,1,0,0,0,,0,0,0,0,0,0,,0,0,0,0,136,0,0,0,0,0,0,0,1,2,1,0,0,0,,0,0,0,0,0,,0,0,,1,2,0,,0,0,0,,,0,0,0
"Uzbekistan",0,0,0,,,0,0,0,0,,0,0,0,,,0,0,0,0,0,0,,0,0,0,0,0,,0,0,0,0,0,,0,,,,0,0,0,,,0,0,0,,0,0,0,0,0,0,0,0,0,,0,0,,0,0,0,,,0,0,0,0,0,0,,0,0,0,0,0,0,0,0,0,0,0,0,0,0,0,0,0,0,0,8,0,0,,0,0,0,0,0,0,,,0,0,0,0,,0,0,0,0,0,,,0,0,,0,,0,0,0,0,,0,0,0,,,0,0,0,0,,0,0,0,,0,0,0,0,0,0,0,,,0,187,0,0,,0,0,0,0,0,0,,0,0,0,0,0,0,0,0,0,0,0,0,0,0,0,808,0,0,,0,0,0,0,0,,0,0,,0,0,0,,0,0,0,,,0,0,0
"Vanuatu",0,0,0,,,0,0,0,0,,1,0,0,,,0,0,0,0,0,0,,0,0,0,0,0,,0,0,0,0,0,,0,,,,0,0,0,,,0,0,0,,0,0,0,0,0,0,0,0,0,,0,0,,0,0,2,,,0,0,0,0,0,0,,0,0,0,0,0,0,0,0,0,0,0,0,0,0,0,0,0,0,0,0,0,0,,0,0,0,0,0,0,,,0,0,0,0,,0,0,0,0,0,,,0,0,,0,,0,0,0,0,,0,0,0,,,0,0,0,0,,0,0,0,,0,0,0,0,0,0,0,,,0,0,0,0,,0,0,0,0,0,0,,0,0,0,0,0,0,0,0,0,0,0,0,0,0,0,0,0,0,,0,0,0,0,0,,0,0,,0,0,0,,0,0,0,,,0,0,0
"Venezuela, RB",0,0,0,,,0,0,5,0,,0,4,0,,,0,0,0,8,0,0,,0,2,0,0,15,,0,0,0,0,0,,0,,,,0,55,"1,059",,,4,0,0,,0,0,0,0,0,39,56,1,2,,0,0,,0,0,37,,,0,0,14,0,0,0,,2,0,0,4,2,1,0,3,0,1,0,0,0,0,1,99,0,1,1,0,0,1,,0,0,0,60,0,0,,,0,0,0,0,,0,0,0,0,0,,,0,5,,0,,0,0,2,0,,0,0,1,,,0,2,0,1,,0,0,0,,3,0,0,80,0,1,89,,,1,0,0,0,,0,2,0,0,0,0,,0,0,0,0,548,0,0,0,0,0,0,0,0,4,24,0,0,0,,0,0,1,0,0,,0,0,,0,17,1,,0,0,0,,,0,0,0
"Vietnam",0,0,0,,,0,0,0,0,,0,0,0,,,0,0,0,0,0,0,,0,0,0,0,0,,0,0,0,0,0,,0,,,,0,0,0,,,0,0,0,,0,0,0,0,0,0,0,0,0,,0,0,,0,0,0,,,0,0,0,0,0,0,,0,0,0,0,0,0,0,0,0,0,0,0,0,0,0,0,0,0,0,0,0,0,,0,0,0,0,0,0,,,0,0,0,0,,0,0,0,0,0,,,0,0,,0,,0,0,0,0,,0,0,0,,,0,0,0,0,,0,0,0,,0,0,0,0,0,0,0,,,0,0,0,0,,0,0,0,0,0,0,,0,0,0,0,0,0,0,0,0,0,0,0,0,0,0,0,0,0,,0,0,0,0,0,,0,0,,0,0,0,,0,0,0,,,0,0,0
"Virgin Islands (U.S.)",0,0,0,,,0,3,0,0,,0,0,0,,,0,0,0,0,0,0,,0,0,0,0,0,,0,0,0,0,0,,0,,,,0,0,0,,,0,0,0,,0,0,0,0,2,9,0,0,0,,0,0,,0,0,0,,,0,0,0,0,0,0,,0,0,0,0,0,0,0,0,0,0,0,0,0,0,0,0,1,0,0,0,0,0,,0,0,0,0,0,0,,,0,0,0,0,,0,0,0,0,0,,,0,0,,0,,0,0,0,0,,0,0,0,,,0,0,0,0,,0,0,0,,0,0,0,0,0,0,0,,,0,0,0,0,,0,0,0,0,0,0,,0,0,0,0,0,0,9,2,0,0,0,0,0,0,0,0,0,0,,0,0,1,0,0,,0,0,,0,32,0,,0,0,0,,,0,0,0
"West Bank and Gaza",0,0,0,,,0,0,0,0,,0,0,0,,,0,0,0,0,0,0,,0,0,0,0,0,,0,0,0,0,0,,0,,,,0,0,0,,,0,0,0,,0,0,0,0,0,0,0,535,0,,0,0,,0,0,0,,,0,0,0,0,0,0,,0,0,0,0,0,0,0,0,0,0,0,0,0,0,824,0,0,0,"1,598",0,0,0,,0,0,0,157,0,0,,,0,0,0,0,,0,0,0,0,0,,,0,0,,0,,0,0,0,0,,0,0,0,,,0,0,0,0,,0,0,0,,0,0,0,0,0,0,0,,,0,0,0,0,,0,0,0,0,0,0,,0,0,0,0,0,0,0,0,0,0,0,0,0,0,60,0,0,0,,0,0,0,16,0,,0,0,,0,105,0,,0,0,0,,,7,0,0
"Yemen, Rep.",0,0,0,,,0,0,0,0,,0,0,0,,,0,0,0,0,0,0,,0,0,0,0,0,,0,0,0,0,0,,0,,,,0,0,0,,,0,0,0,,0,0,0,0,0,0,0,260,0,,0,0,,0,0,0,,,0,0,0,0,0,0,,0,0,0,0,0,0,0,0,0,0,0,0,6,0,0,0,0,0,0,0,0,0,,0,0,0,0,0,0,,,0,0,0,0,,0,0,0,0,0,,,0,0,,0,,0,0,0,0,,0,0,0,,,0,0,0,0,,0,0,0,,0,0,0,0,0,0,0,,,0,0,0,0,,0,0,0,0,0,0,,0,0,0,0,0,0,0,0,0,99,0,0,0,0,26,0,0,0,,0,0,0,0,0,,0,0,,0,0,0,,0,0,0,,,0,0,0
"Zambia",0,0,0,,,0,0,0,0,,1,0,0,,,0,0,0,0,0,0,,0,0,0,0,0,,0,0,0,0,0,,0,,,,0,2,0,,,0,0,0,,0,0,0,0,0,0,0,1,0,,0,0,,0,0,2,,,0,0,2,0,0,0,,0,0,0,0,0,0,0,0,0,34,0,0,0,0,0,0,0,1,0,0,1,0,,0,0,0,0,0,0,,,0,0,0,0,,1,0,0,0,0,,,0,0,,0,,0,0,0,0,,0,0,0,,,0,0,0,4,,0,0,0,,0,0,0,0,0,0,0,,,0,0,0,0,,0,0,1,0,0,0,,0,0,0,4,0,0,0,0,0,0,0,0,0,0,0,0,0,0,,0,0,0,0,0,,1,0,,5,2,0,,0,0,0,,,0,0,0
"Zimbabwe",0,0,0,,,0,0,0,0,,0,0,0,,,0,0,0,0,0,0,,0,0,0,4,0,,0,0,0,0,0,,0,,,,0,0,0,,,0,0,0,,0,0,0,0,0,0,0,0,0,,0,0,,0,0,0,,,0,0,0,0,0,0,,0,0,0,0,0,0,0,0,0,0,0,0,0,0,0,0,0,0,0,0,0,0,,0,0,0,0,0,0,,,0,0,0,0,,5,0,0,0,0,,,0,0,,0,,0,0,0,8,,0,0,0,,,0,0,0,0,,0,0,0,,0,0,0,0,0,0,0,,,0,0,0,0,,0,0,0,0,0,0,,0,0,0,20,0,0,0,0,0,0,0,0,0,0,0,0,0,0,,0,0,0,0,0,,0,0,,44,0,0,,0,0,0,,,0,4,0
